id_municipio,cod_uf,prob_risco,em_risco
2408706,24,0.9855351075513386,1
1707702,17,0.9813042782921129,1
1712702,17,0.9781307466206715,1
2414456,24,0.9771790299947971,1
1200435,12,0.9756664631898031,1
2409803,24,0.9703905716357191,1
1502806,15,0.9679453973790806,1
1712405,17,0.9679094013647582,1
2920908,29,0.9672503043326515,1
1704600,17,0.966735606556666,1
2915403,29,0.9663637934709471,1
1600501,16,0.9641831690517358,1
4321303,43,0.9628715173647765,1
2902252,29,0.9627738296929257,1
1703008,17,0.9620166311192387,1
1710706,17,0.9620068456433915,1
2800209,28,0.9613560862668497,1
1504505,15,0.9593859710316175,1
2802700,28,0.954766701259935,1
2407609,24,0.9533449632437007,1
4301750,43,0.9531150946469851,1
1302553,13,0.951336820731617,1
2413359,24,0.951149179192321,1
2410900,24,0.9498447879389117,1
1303536,13,0.9497581587021392,1
1200138,12,0.9493918353301051,1
2203354,22,0.9487364446253864,1
2801504,28,0.9483472056583951,1
2505238,25,0.9479678297502386,1
3300456,33,0.9458166082947823,1
2408953,24,0.9437905511831206,1
1200179,12,0.9434198771142659,1
2406205,24,0.942972396340708,1
1711951,17,0.9428785279996391,1
1507300,15,0.9419921804146186,1
2905305,29,0.9419631479429363,1
2805109,28,0.9390193176293938,1
2926905,29,0.9383566032287484,1
2405108,24,0.9371838963629079,1
2908903,29,0.9367440461323402,1
1719004,17,0.9364182111479298,1
2505204,25,0.9358299406875188,1
2703601,27,0.9351934288318815,1
2410405,24,0.9347361685601523,1
2102507,21,0.9346402549255362,1
1505205,15,0.9344377928820048,1
4320354,43,0.9343996601788339,1
4320651,43,0.9343396602720484,1
2928059,29,0.934119985030562,1
4304663,43,0.9338104787534547,1
2928109,29,0.9335271059233442,1
1502400,15,0.933361310000313,1
1718758,17,0.9321822953901736,1
2919900,29,0.9318661973070426,1
2920809,29,0.9316266714643329,1
2928307,29,0.9310834272565471,1
2408805,24,0.9307267987963888,1
2909307,29,0.929946363459709,1
2407104,24,0.9298059094018772,1
2509057,25,0.9296942556906269,1
2412559,24,0.9289894750941944,1
2412807,24,0.9286020457724806,1
2803104,28,0.9274341320656979,1
3529708,35,0.927091646387877,1
1503754,15,0.9266722587256414,1
2805406,28,0.9266468637861836,1
2414209,24,0.9265155023544377,1
4318705,43,0.9264443003156655,1
2703106,27,0.9264210955116254,1
2912608,29,0.9263269379537755,1
1709807,17,0.9261793501865125,1
4301073,43,0.9257369670092983,1
2904100,29,0.9252941677240424,1
2923357,29,0.9250134949761033,1
2911857,29,0.9246573511387367,1
1304260,13,0.923900189667729,1
1200807,12,0.9229281545074051,1
1702000,17,0.9228590860807684,1
2924405,29,0.9224194396625605,1
2932705,29,0.9210124710301761,1
2905602,29,0.9209402617986067,1
2906808,29,0.9207220986352465,1
2907202,29,0.920638661840193,1
2404606,24,0.920302048026664,1
1507805,15,0.9201146407508143,1
4300604,43,0.9199067233780477,1
1713601,17,0.919838405937497,1
4314407,43,0.9197754163206256,1
2922656,29,0.9196294871328164,1
1505304,15,0.9191826473362253,1
2925600,29,0.9190493412117222,1
2910909,29,0.9181902567730267,1
2507408,25,0.9180075142173482,1
1507409,15,0.9178109080850344,1
2931905,29,0.9175985770994627,1
2413201,24,0.9174838751311283,1
4310413,43,0.9170657043249314,1
2403251,24,0.9167862218683221,1
2401404,24,0.9165034643293261,1
3302601,33,0.9162607543778827,1
2800605,28,0.9158040044672722,1
2802502,28,0.9156171425232769,1
1503077,15,0.9154873596295681,1
2413102,24,0.9153834716372713,1
2403608,24,0.9145426588379824,1
2401859,24,0.9143172467130476,1
2929800,29,0.913821412181249,1
2806503,28,0.9134845116149118,1
2913705,29,0.9131440622181272,1
2805604,28,0.9130320968192469,1
2406700,24,0.9119406340503037,1
2929206,29,0.9116277230813052,1
3303500,33,0.9112795617196738,1
2902203,29,0.9109786142060601,1
2408300,24,0.9105291645632584,1
4301909,43,0.9103807218050416,1
3304144,33,0.9098025819290465,1
2908200,29,0.90972443223307,1
2919207,29,0.9083589893734719,1
3305109,33,0.9082061828887428,1
1504604,15,0.9075069850292099,1
2933158,29,0.9074091673914179,1
2411106,24,0.9068182927872281,1
2406304,24,0.9061391115484392,1
2930204,29,0.9061102921223656,1
2923704,29,0.9059611828563915,1
1600105,16,0.905920401289269,1
2803609,28,0.9055789637105596,1
5005202,50,0.9049801151488345,1
2407203,24,0.904937295539843,1
1300508,13,0.9046768551748959,1
2402600,24,0.9043179268554465,1
2905909,29,0.9040104312761592,1
2930501,29,0.9037492174397542,1
2402402,24,0.9033324948529892,1
4320859,43,0.9030094589041113,1
4311981,43,0.9029675682789903,1
2922250,29,0.9016603520045343,1
1506559,15,0.9016405207541249,1
1703909,17,0.9013880092969951,1
2412203,24,0.901318473393351,1
3302270,33,0.901192586424404,1
4310538,43,0.9010596004305211,1
2707107,27,0.9003567041621351,1
1504703,15,0.8998944781849337,1
2914802,29,0.8988189318819073,1
2911402,29,0.8986862851849153,1
1500701,15,0.8981839358378656,1
4316402,43,0.8971412329493305,1
2929305,29,0.8969789565155998,1
2804805,28,0.8968766176847546,1
2917003,29,0.8968675669017602,1
2919108,29,0.8964984482762772,1
2922854,29,0.8958682005909139,1
2901908,29,0.8956408170505679,1
2911808,29,0.8953935657630042,1
4314902,43,0.8952149697256294,1
2405504,24,0.8949227814050571,1
1715705,17,0.8948045771964265,1
2206654,22,0.894695039193662,1
2406403,24,0.8946439314328013,1
2932457,29,0.8943973880114828,1
1502905,15,0.8942143320720722,1
2405306,24,0.8934929912048974,1
2801009,28,0.8932922902335426,1
1503457,15,0.8930885403737837,1
2408607,24,0.8930161786374489,1
2906709,29,0.8927401271782733,1
1718865,17,0.8922794653378756,1
2401206,24,0.8922536782670809,1
2929354,29,0.8919031659209561,1
2921401,29,0.8916058534636269,1
1507201,15,0.8914582521334866,1
2921500,29,0.8914367388952537,1
2917508,29,0.8911638056538479,1
1711100,17,0.8908583340015724,1
2924108,29,0.8903189457074706,1
4304630,43,0.8902726313550252,1
3301157,33,0.8901438500918246,1
2401602,24,0.8898119624629407,1
2933505,29,0.8896219458651943,1
2901403,29,0.889408548098525,1
2923100,29,0.8887421674435843,1
2933059,29,0.8886539749015613,1
2800670,28,0.8886071605699176,1
5007901,50,0.8881805612182574,1
4218004,42,0.8875293597019556,1
2902104,29,0.8874487581652784,1
4309308,43,0.887267556270437,1
2804300,28,0.8870340762358231,1
4323002,43,0.8869417990730025,1
2806305,28,0.8867940207093881,1
4209151,42,0.8862905910901697,1
2509370,25,0.8860602494264627,1
2702405,27,0.8858336253847735,1
2931509,29,0.885796222084841,1
2512721,25,0.8856387972721131,1
2110807,21,0.8839210437362376,1
2405801,24,0.8838840066811079,1
2910057,29,0.8838254939666463,1
2924207,29,0.8835143221680088,1
1501600,15,0.8834436613517792,1
1717909,17,0.8834179670474748,1
1507953,15,0.8832784160955961,1
2400208,24,0.8832075078889898,1
2925956,29,0.8830852344144405,1
2500601,25,0.8830117094145368,1
2102200,21,0.8828608518404326,1
1200385,12,0.8828155328360865,1
2707404,27,0.8816475004719215,1
1718659,17,0.8813762582616591,1
1303106,13,0.8810087673554279,1
2413409,24,0.8808716693334604,1
5005608,50,0.8808580146554972,1
2514453,25,0.8805383846274822,1
2500304,25,0.880447565957065,1
4300661,43,0.8802148986840287,1
2916302,29,0.8800708577138247,1
2100832,21,0.8795954715357535,1
4312377,43,0.8789570617290348,1
2902708,29,0.8781114425299891,1
2401107,24,0.8777386163185918,1
2914901,29,0.877655405068335,1
2405900,24,0.8776423959899888,1
2920452,29,0.8775076589946192,1
3302858,33,0.8774913958372601,1
2932200,29,0.877328552289838,1
2405405,24,0.8772131995755301,1
2917334,29,0.8770931633627175,1
2503803,25,0.8765296573716805,1
2409308,24,0.8760886075019292,1
2910800,29,0.8760358244203759,1
2900603,29,0.875949984645212,1
1703073,17,0.8757276782556594,1
2923902,29,0.8755398213067241,1
1507003,15,0.8755107460171186,1
2912707,29,0.8742124436136697,1
4318309,43,0.87410060570094,1
2802205,28,0.8739285932913387,1
3304904,33,0.8738746244896546,1
4315503,43,0.8737772469461794,1
1712801,17,0.8737583338893604,1
2804904,28,0.8737236312432592,1
4303103,43,0.8729747445141367,1
2924009,29,0.8721504959319141,1
2915908,29,0.87174231981161,1
5003207,50,0.8716862085742009,1
2802106,28,0.8715554854815482,1
4309159,43,0.8713072760186731,1
4210704,42,0.8710912030233704,1
4311205,43,0.8709388391371259,1
4319208,43,0.8706546528836858,1
4309209,43,0.8700609760542674,1
2914653,29,0.8699056179084568,1
4309654,43,0.8697686192166745,1
3140852,31,0.8696081423124802,1
2932903,29,0.8695539120041279,1
2900207,29,0.8695135732080126,1
2406155,24,0.8694371852090707,1
1200427,12,0.8693420041519079,1
1600550,16,0.8692474090665092,1
2911600,29,0.8691493270164897,1
2802007,28,0.86866165985256,1
1508209,15,0.8685776690199138,1
2925006,29,0.8685408316421788,1
4202503,42,0.8679849612602127,1
4316907,43,0.8677274748775197,1
2901601,29,0.8675239370765007,1
2913606,29,0.8674479397804821,1
2915809,29,0.8674352964759768,1
2806404,28,0.8672613991431579,1
1505809,15,0.8671761110167668,1
2910602,29,0.8665840404222166,1
2406502,24,0.8658470512929852,1
1504455,15,0.8657508741058427,1
2928000,29,0.8653956057594268,1
4307708,43,0.8653322526787357,1
2918407,29,0.8648768593612107,1
4311122,43,0.8643244769144534,1
2412005,24,0.8639118619743898,1
1503408,15,0.8638570396549383,1
1502103,15,0.8638139819267266,1
2402808,24,0.8638099538960252,1
2904704,29,0.8637826854455934,1
1500107,15,0.8630587382011545,1
1301506,13,0.863020085971211,1
2930105,29,0.8630150728896789,1
2109270,21,0.8624812647534192,1
3162450,31,0.86240317092204,1
4305124,43,0.8622747032484407,1
3555406,35,0.8622394838633433,1
2414001,24,0.8621270688821376,1
4304606,43,0.8618571360343066,1
1503309,15,0.8613490411187412,1
2110401,21,0.8613475908599401,1
2925501,29,0.8609143662464764,1
1500404,15,0.8603203739653396,1
2407302,24,0.8601493164094685,1
2402204,24,0.8601201907865087,1
3302007,33,0.8596177713852358,1
2604205,26,0.8595771858412663,1
2701308,27,0.8594828074930583,1
1300839,13,0.8592748579337366,1
4314100,43,0.8592730594248243,1
2905503,29,0.859079175383584,1
4302600,43,0.8583364388267877,1
2908606,29,0.8579061673719568,1
2917300,29,0.8577694902177835,1
2919009,29,0.8570830876959835,1
1301852,13,0.8569995486550538,1
1712504,17,0.8563506477021292,1
2914505,29,0.856212578158838,1
2410108,24,0.8560350402946031,1
4301107,43,0.8560267816786653,1
2916104,29,0.8559947734348048,1
2908408,29,0.8552352073314606,1
1501709,15,0.8552351166635737,1
1703883,17,0.8550851986616345,1
1300805,13,0.8543002810774991,1
2800407,28,0.8538885342574897,1
2920007,29,0.8537951872001135,1
2404804,24,0.8535389188732044,1
4302709,43,0.8534686090545515,1
2909802,29,0.8533709179044934,1
1505536,15,0.8533089251168644,1
1500503,15,0.8531055247387723,1
3103603,31,0.8525868352256833,1
2404853,24,0.8525674047428821,1
2807600,28,0.8525390318711048,1
2800100,28,0.8521497561372486,1
4322400,43,0.8518676946260072,1
4202073,42,0.8516883046224909,1
2901700,29,0.8516029193102455,1
1718451,17,0.8514904228359894,1
4306601,43,0.8514524611115193,1
2920106,29,0.8513810497315725,1
2514602,25,0.8510168371645899,1
2915304,29,0.8509436602241964,1
1501956,15,0.8508367907323315,1
4314209,43,0.8505155214338509,1
4218301,42,0.849946732413784,1
4308805,43,0.8495314343591442,1
4315313,43,0.8492169761463766,1
1200450,12,0.8488689968883281,1
2907301,29,0.8487270997990802,1
4321600,43,0.848591054244918,1
2910701,29,0.8484815754930412,1
2407500,24,0.8483746203454429,1
2803708,28,0.8479162025088427,1
2911105,29,0.8478508944079045,1
2908507,29,0.8477780107519668,1
2411056,24,0.8474605438105449,1
2919926,29,0.8472148667118773,1
2110278,21,0.8471980161248215,1
2804607,28,0.8471217378475697,1
4320602,43,0.8469887552053067,1
2905800,29,0.8469188493720166,1
4202438,42,0.8468241485897239,1
1507151,15,0.8465480520431801,1
2210904,22,0.8460528921902065,1
2907400,29,0.8457615818712301,1
2912202,29,0.845501865320776,1
3301702,33,0.8453362464161914,1
1503804,15,0.8449663609720766,1
3303807,33,0.8447509364645749,1
1717008,17,0.84396931640086,1
4321493,43,0.8438655107877852,1
2402303,24,0.8438481383358859,1
2903953,29,0.8437983858707296,1
2905156,29,0.843627908895446,1
4320453,43,0.8431809373932774,1
2803906,28,0.8429839941661108,1
2929909,29,0.842394001666661,1
4303004,43,0.8423464912777917,1
2411700,24,0.8421456793408858,1
4109500,41,0.8419993966277236,1
2400109,24,0.8419881579726829,1
2108603,21,0.8419145301859117,1
4220000,42,0.8418835100389785,1
2914703,29,0.8414054777633011,1
2908309,29,0.8409121721094978,1
2925402,29,0.84083010741584,1
2112274,21,0.8403481168458287,1
3300308,33,0.8402490726537285,1
5107859,51,0.8401166525575989,1
2100808,21,0.839907833240808,1
4306205,43,0.8398529370221212,1
2415008,24,0.8398220349113883,1
2932309,29,0.8397202988713696,1
2906873,29,0.839555000896969,1
1500859,15,0.8394061020025507,1
2906303,29,0.839289911881848,1
2410504,24,0.8391700311663658,1
1506500,15,0.8390900331867986,1
2904209,29,0.8390208784087625,1
2927606,29,0.8387770369136288,1
3503505,35,0.8384906617868556,1
2915106,29,0.8384486909871692,1
2108801,21,0.8383158737027698,1
1703891,17,0.8379502437538011,1
4313334,43,0.8378142903986788,1
2609907,26,0.8374245479891589,1
1301100,13,0.8368360357778636,1
2805307,28,0.8368277137105797,1
2918100,29,0.8360545029248103,1
1501303,15,0.836051234065214,1
2905404,29,0.8358316210884981,1
2804003,28,0.8353771248648247,1
1500602,15,0.8353287717778617,1
1502855,15,0.8348317557633874,1
2900801,29,0.8348054372502047,1
2506400,25,0.8343471833483507,1
2904852,29,0.8342673447403004,1
2930600,29,0.8336319808413701,1
5108352,51,0.8334871849740729,1
2927002,29,0.8334648701534206,1
2801207,28,0.8332531755587922,1
2903201,29,0.8330627411467879,1
4301636,43,0.8330278659522349,1
3142254,31,0.8329531256895012,1
2909901,29,0.8329456156733457,1
2929255,29,0.8327564926623313,1
5107354,51,0.8321850168537123,1
1504422,15,0.8319480276365488,1
2110658,21,0.8319408923993528,1
2805703,28,0.8316566415735642,1
3553104,35,0.8315961031965834,1
1507508,15,0.8311969683141258,1
2406809,24,0.8310602325228778,1
4315602,43,0.831008436923043,1
4202057,42,0.8308012651194872,1
4322541,43,0.8301918120941162,1
2933109,29,0.8300687818966345,1
4300851,43,0.8299605499671642,1
4300877,43,0.8298970848134724,1
4323804,43,0.8297374791451088,1
1304237,13,0.8294721634111941,1
1505007,15,0.8292740931150281,1
4302907,43,0.8292570838659541,1
4306700,43,0.8289109327340749,1
4100400,41,0.8288318773948492,1
2411502,24,0.8287855071872106,1
2502508,25,0.8287520207878663,1
2913903,29,0.8283984387693676,1
2932408,29,0.8278757877845931,1
1508100,15,0.8276155564394836,1
1303601,13,0.8275836101371004,1
2409902,24,0.8274231831654082,1
1709005,17,0.8273004288944537,1
2925709,29,0.8272966680549748,1
2500734,25,0.8271483563210498,1
3518859,35,0.8268096060969043,1
2902500,29,0.8266412832835346,1
2903300,29,0.8266191428165437,1
1501402,15,0.8263478292872952,1
2919157,29,0.8257308852893109,1
4207205,42,0.825236232657597,1
1302900,13,0.824534149527715,1
4317004,43,0.8243887635895419,1
2911907,29,0.824320876199366,1
2410702,24,0.8238767951997636,1
2801702,28,0.8238483900794116,1
2921708,29,0.8236172295017841,1
2805208,28,0.823584877898383,1
4315321,43,0.8230147674278204,1
2901353,29,0.822873608764355,1
2928802,29,0.8225612300248972,1
4304101,43,0.8223368566632736,1
4311775,43,0.8216974649203468,1
2902658,29,0.8216626386796426,1
2409332,24,0.8215248194926816,1
5102603,51,0.8215153626506869,1
2802908,28,0.8210717957579933,1
2928703,29,0.8208181077769197,1
3115904,31,0.8206890117292783,1
1506583,15,0.8201453142129547,1
2513703,25,0.8200610210796578,1
3505401,35,0.820056079617891,1
2513851,25,0.8200195917075088,1
4212809,42,0.8198545441714791,1
1501204,15,0.8197826756283091,1
2914000,29,0.8197047043005862,1
2901809,29,0.8191886454337642,1
2404200,24,0.8186527314282775,1
4209300,42,0.8185264006874751,1
2931400,29,0.8183508236767552,1
3139300,31,0.8182796363146576,1
2411429,24,0.8181743776689627,1
2607653,26,0.8180556174968577,1
3119609,31,0.8179993013303969,1
4305173,43,0.8179755757308775,1
2904902,29,0.8179443674031434,1
4203105,42,0.8177427508631635,1
1302207,13,0.8170761291093707,1
2903805,29,0.8169772536816504,1
4320677,43,0.81646076260668,1
1508035,15,0.8163332677787889,1
2929008,29,0.816164941522223,1
2928505,29,0.8158727085621226,1
2926103,29,0.8158626100210319,1
4313508,43,0.815468858709795,1
1301159,13,0.8153920967900937,1
1508308,15,0.8149606034159103,1
1302603,13,0.8146999819178213,1
1500305,15,0.8142970960069189,1
1718006,17,0.8141559429430846,1
1500909,15,0.8141268199531094,1
2501807,25,0.8138710689250471,1
3111408,31,0.8130460096091324,1
2707701,27,0.8129909735170733,1
2510204,25,0.8119669649015644,1
4318507,43,0.8112880272386941,1
2702553,27,0.8111775509241623,1
4213302,42,0.8108297065262442,1
2931707,29,0.8105447995314011,1
4308052,43,0.8104367546329615,1
1505064,15,0.8103017352651892,1
2910503,29,0.8096646556374395,1
2930154,29,0.809162500787411,1
2915205,29,0.809151075425819,1
1504901,15,0.8089852855350834,1
2913200,29,0.8088605836258832,1
2414407,24,0.8082473832557554,1
4211058,42,0.8081586500113609,1
2805802,28,0.8079458378328549,1
3300803,33,0.8077973666268815,1
2411205,24,0.8076395443758406,1
2805505,28,0.8074544063901297,1
2927101,29,0.8071394233084122,1
2409407,24,0.8071166097319505,1
4203709,42,0.8070744924039412,1
2910727,29,0.8068524978928854,1
2106359,21,0.8067885092459822,1
1718204,17,0.8066358302694664,1
2914307,29,0.8064490581669295,1
1503093,15,0.8064463428999594,1
3532868,35,0.8063309125917955,1
2901205,29,0.8061711982129256,1
2903409,29,0.8060846684840899,1
2907905,29,0.8057915180488591,1
3551405,35,0.8057445026714728,1
4301602,43,0.8056144226422921,1
2920502,29,0.8054217087244829,1
4313409,43,0.8050387849415135,1
1302009,13,0.8050123920335128,1
1701101,17,0.8047003138914088,1
4318002,43,0.8043500927456406,1
1200203,12,0.8041098957503391,1
2919603,29,0.8040468964857933,1
3305554,33,0.8040371229838483,1
4111803,41,0.8039105775138247,1
1500206,15,0.8037123710387184,1
2700607,27,0.8036994170479523,1
2926301,29,0.8035765959376234,1
2916609,29,0.8035600135246741,1
1200328,12,0.8034674304430516,1
3553658,35,0.8034506768125097,1
2916401,29,0.8034437944413854,1
2503001,25,0.8033781197459743,1
4305454,43,0.8031847355785854,1
3301009,33,0.803053367495967,1
1301407,13,0.8028341423152365,1
2916906,29,0.8026102332290423,1
2414803,24,0.8022663020342166,1
3515806,35,0.8021922304203899,1
3557303,35,0.8017140977675533,1
2929370,29,0.8009321193443856,1
2801306,28,0.8008815974453621,1
4317103,43,0.8004558692369732,1
4319125,43,0.7996419212678493,1
1303569,13,0.799248936515915,1
3531100,35,0.7992484856468647,1
2700508,27,0.7991727582781921,1
2917706,29,0.7990221781318808,1
4313953,43,0.7986027393680887,1
4318614,43,0.7983720148999172,1
2906105,29,0.7982321687798876,1
2900702,29,0.7982311412558337,1
3304805,33,0.7980361159642987,1
4218954,42,0.79750950873356,1
2913101,29,0.797455586896861,1
1505486,15,0.796976575107131,1
1701309,17,0.7967469151454065,1
1303304,13,0.7964175833092918,1
2409704,24,0.7963235042803464,1
2903508,29,0.7963218504736954,1
4321352,43,0.796296495811428,1
2404507,24,0.7960081193289021,1
3532157,35,0.795816720739558,1
2918001,29,0.795620306234453,1
2912400,29,0.7955798459417062,1
2919553,29,0.7955762372090718,1
4121356,41,0.795467749985448,1
1504208,15,0.7951721139136345,1
2100303,21,0.7951062238792114,1
2412609,24,0.7949681166543819,1
1302306,13,0.7947184080342165,1
2408201,24,0.7947168888909113,1
2915502,29,0.7943858581529967,1
2902906,29,0.7942319151419124,1
1504752,15,0.7936991793448623,1
1300409,13,0.7934840421702473,1
4306767,43,0.7934663731824619,1
1200336,12,0.7934102806709823,1
2804201,28,0.7931190782786456,1
2903607,29,0.7930133827051196,1
4318465,43,0.7929178521433592,1
5102702,51,0.7926640044122415,1
2800506,28,0.7920758500618534,1
1302504,13,0.7920144186321186,1
2906501,29,0.7919531370918554,1
2919306,29,0.7914296392152589,1
2902401,29,0.7913469961167794,1
4316972,43,0.790502155515678,1
2929701,29,0.7904902839522782,1
4304952,43,0.7903866969757761,1
2206357,22,0.7903798323334776,1
2924058,29,0.7903393963716149,1
1503101,15,0.7901410849192159,1
5003306,50,0.7899536204407303,1
2401008,24,0.7897595321467455,1
2930303,29,0.7895383870942044,1
2404705,24,0.7895030268029605,1
2922052,29,0.7887699474844895,1
1600204,16,0.7883473760302587,1
4313656,43,0.7882698616203223,1
2703809,27,0.7882558207690719,1
1300706,13,0.7882091524272883,1
4304671,43,0.7881901775246221,1
5005400,50,0.7878050631749846,1
4305108,43,0.7876831935821487,1
2909208,29,0.7873066977158071,1
2917102,29,0.7869627564427037,1
2409506,24,0.7867610475735995,1
2109304,21,0.7866924529410275,1
2106904,21,0.7866306263077725,1
3520400,35,0.786200992541442,1
2705804,27,0.785992080065178,1
2928406,29,0.7859784446432247,1
2409100,24,0.7858037116922487,1
1508407,15,0.7851668428814474,1
4202602,42,0.7850700945735697,1
1505650,15,0.7848984975254979,1
1720655,17,0.7848449323875392,1
1703305,17,0.7846536788476799,1
2918555,29,0.783925339197986,1
2803203,28,0.783833294569719,1
1722081,17,0.7834379488247847,1
2927507,29,0.7829761061500257,1
4311502,43,0.7826126929107656,1
5002159,50,0.7821815487816064,1
1714302,17,0.7821242488737186,1
2706505,27,0.7818121704586285,1
1702703,17,0.7815944270691492,1
2801405,28,0.7814623344861689,1
2408003,24,0.7813551932875138,1
4302238,43,0.7813294764413061,1
2203255,22,0.7813192534298313,1
4113254,41,0.7810250141635126,1
1708304,17,0.7807069557080406,1
1506005,15,0.7806905924985755,1
3522653,35,0.7806874194482887,1
1303809,13,0.7804822742118276,1
2706307,27,0.7802972211261475,1
4304358,43,0.7800535810364282,1
2903276,29,0.7799644468576402,1
3512605,35,0.7797396299459641,1
2907608,29,0.7795208763342311,1
3108255,31,0.7794011510101819,1
2910859,29,0.7791872971405209,1
1720200,17,0.7787019927535968,1
1304062,13,0.778653143339272,1
2922102,29,0.7785091714597608,1
4312500,43,0.7784652213579528,1
1503200,15,0.7784322841970609,1
1500347,15,0.7780854136677484,1
1504406,15,0.7780389026645244,1
2906899,29,0.7779438862693544,1
2511806,25,0.7778488499038357,1
2501005,25,0.7777586628083046,1
1721208,17,0.7777087452582225,1
2931103,29,0.7773431460674638,1
4310330,43,0.7773420430643745,1
4208104,42,0.7770958097053761,1
1100338,11,0.7768968397594381,1
2922730,29,0.7766094323083799,1
2900900,29,0.7765763579563416,1
2902005,29,0.7764376686719499,1
3301900,33,0.7764349299880782,1
1504000,15,0.7763793776453284,1
2109551,21,0.7761098857619678,1
4307401,43,0.7758044604983758,1
4120507,41,0.7755843160547066,1
2101400,21,0.7754321140916773,1
1200344,12,0.775243529059099,1
4304408,43,0.7749220601906145,1
4208807,42,0.7749054299831609,1
2923803,29,0.7742304043340991,1
3303708,33,0.7736650041746224,1
2925808,29,0.7736504744095156,1
2906402,29,0.7733796473844533,1
1711902,17,0.7733485609952405,1
2413300,24,0.773346544653353,1
2704302,27,0.7731385885878478,1
4203402,42,0.7727684630954537,1
2930402,29,0.7724031457980974,1
2400406,24,0.7722359582347396,1
3302502,33,0.7720337222078617,1
1502608,15,0.7720089377280898,1
2919801,29,0.771775152463878,1
2913507,29,0.7715653764489823,1
4314803,43,0.7711036090345118,1
2933604,29,0.7710535523933498,1
1506302,15,0.7709053308662249,1
2507606,25,0.7708955727353592,1
2907806,29,0.7700748271067034,1
2701506,27,0.7700035296096803,1
2906824,29,0.769834826830133,1
1600808,16,0.7696673801051047,1
2932804,29,0.7696422968488928,1
2403509,24,0.7695912420140609,1
5007109,50,0.7695256125311236,1
2930808,29,0.7693942966354965,1
1504307,15,0.7692964159436971,1
1301209,13,0.7689804951189133,1
2211209,22,0.7687144919306664,1
2900108,29,0.768504417522882,1
4311759,43,0.7682751024884722,1
2516102,25,0.7679587657661605,1
3303302,33,0.7679216713542131,1
3301850,33,0.767911611980259,1
2926509,29,0.7675368261401281,1
2909505,29,0.7674817882403324,1
2905701,29,0.767328073740311,1
1502954,15,0.7664583273282191,1
2207702,22,0.7664233067349182,1
2802304,28,0.7662498702087785,1
2901957,29,0.7658211346664049,1
3158102,31,0.7657690934939868,1
3160009,31,0.7657604824075263,1
2414159,24,0.7656550592126495,1
1502004,15,0.7655830084323366,1
4214607,42,0.7655569650227999,1
2933000,29,0.7655364247088585,1
1506609,15,0.7652161738504242,1
2915353,29,0.7646477277748002,1
3544905,35,0.7641941668070421,1
1508084,15,0.764139105234317,1
2907103,29,0.7635662728527469,1
2903235,29,0.7634811531612778,1
4317301,43,0.7634357685005719,1
5007406,50,0.7634102709978806,1
2510907,25,0.7629102970386957,1
2414704,24,0.7629022778834577,1
3539103,35,0.7628365339876154,1
2407005,24,0.7626407367452555,1
5003488,50,0.7625887877788928,1
2909109,29,0.762311730326382,1
2511509,25,0.7622602699732943,1
4212304,42,0.762198189973076,1
2407708,24,0.7620774022612994,1
3300704,33,0.7619694946016927,1
2931350,29,0.7616818522479438,1
4307500,43,0.7616165624801803,1
2923506,29,0.7615153554227797,1
5002704,50,0.7614451486035263,1
1505494,15,0.7612472625825866,1
2924678,29,0.7606310039937402,1
4206652,42,0.7602103657360816,1
2804508,28,0.7601926451008538,1
2903904,29,0.760005384748696,1
2705408,27,0.7599135601977245,1
1703842,17,0.7599069963609332,1
2923407,29,0.759523348221033,1
1506807,15,0.7588841582710679,1
4217709,42,0.758609701750254,1
3525409,35,0.7582612409712428,1
1100809,11,0.7581630672140529,1
1507706,15,0.7575559416550125,1
2705200,27,0.7575192018927213,1
4302303,43,0.7574785475554614,1
2606200,26,0.7570347172961893,1
2205581,22,0.756959101946711,1
2103174,21,0.756546921835273,1
1507466,15,0.7563114538700669,1
4106001,41,0.7561729188423213,1
2501906,25,0.7561446042976468,1
1715101,17,0.7560145911172714,1
2412302,24,0.755810352628202,1
1718808,17,0.7551267254830464,1
1503507,15,0.7548789224267017,1
2405207,24,0.7547529353477526,1
2409209,24,0.7545261350861557,1
2408102,24,0.7542900527197939,1
2614709,26,0.7540444732178114,1
2605202,26,0.7537303350142432,1
2926004,29,0.7534150886098645,1
2412708,24,0.7531413587801146,1
1718907,17,0.7529355073349518,1
2900405,29,0.7528088112681438,1
2611309,26,0.7527816474691296,1
2929107,29,0.7524681953103125,1
2204659,22,0.752445586435798,1
4305801,43,0.752156776740475,1
4204806,42,0.7517246940547576,1
4302808,43,0.7514461580729541,1
2924306,29,0.7512664814419258,1
1507474,15,0.7507695302263363,1
2925907,29,0.7507070741455311,1
2926608,29,0.7503046091220744,1
4306908,43,0.7502100253658291,1
3535804,35,0.75017580377874,1
1503705,15,0.750071438741873,1
2921203,29,0.7500383388805366,1
4122602,41,0.7496314186307433,1
2707909,27,0.7481899191141512,1
2103802,21,0.7481795274577476,1
3300209,33,0.7480525213989866,1
2211100,22,0.7475385485177442,1
2802809,28,0.7472930765728176,1
1700301,17,0.7472520248467514,1
1300300,13,0.7468782167518682,1
3300258,33,0.7466039862012062,1
4211108,42,0.7465784460606854,1
3302304,33,0.7464728995048208,1
3531803,35,0.7464446278740144,1
2100600,21,0.7464254243099536,1
3145059,31,0.7459665419630498,1
3508504,35,0.7457720444360114,1
2804409,28,0.7456359379184131,1
2601706,26,0.745539679613466,1
2921302,29,0.7455342487397172,1
5107776,51,0.7454434311547444,1
2933208,29,0.7452809457278465,1
2407906,24,0.7452804478342631,1
4309050,43,0.7452677738090954,1
1504950,15,0.745258703720927,1
2915601,29,0.7445471700755207,1
2916807,29,0.7444019925240817,1
1503903,15,0.7441883862863146,1
3304755,33,0.744114599675111,1
4117305,41,0.7438977121370115,1
1507961,15,0.7434448182789514,1
2927200,29,0.7433932794120582,1
2403103,24,0.7430098413571243,1
4321956,43,0.7427464162855771,1
2507200,25,0.7425884993920363,1
3513504,35,0.7419008957680175,1
2414605,24,0.7417618724039929,1
2411601,24,0.741719573052353,1
2406908,24,0.7415717958400153,1
2928604,29,0.7412401001030029,1
5106422,51,0.741211415631294,1
1200104,12,0.7408038049088568,1
1706506,17,0.7407106357703912,1
4322376,43,0.7405311983801163,1
1507607,15,0.7400757748114861,1
2922904,29,0.7397348033615405,1
2506103,25,0.7396814663601388,1
2410306,24,0.7388978233316384,1
2927804,29,0.7387771928524736,1
3525102,35,0.7387698836733959,1
3521002,35,0.7384925986162847,1
4311007,43,0.7384104529868436,1
1505551,15,0.7382188715434275,1
2112100,21,0.7381270116130578,1
4119509,41,0.7378991931205399,1
1301654,13,0.7377092724794663,1
3528403,35,0.7376939376902885,1
2410256,24,0.7374553642335869,1
2402006,24,0.7374344507305761,1
1702158,17,0.7369998437652306,1
3121258,31,0.7368693784192156,1
5106505,51,0.7366210799776284,1
4301503,43,0.7359204883551131,1
2508604,25,0.7357732321085266,1
2906204,29,0.7357482407631225,1
2806800,28,0.7351576838305263,1
2932101,29,0.7348359362676654,1
1500131,15,0.7348200868371781,1
2802403,28,0.7347474331315168,1
2903003,29,0.7344495872282147,1
5108105,51,0.7342242326292151,1
1713700,17,0.734059831264842,1
3167509,31,0.733974709594478,1
1506203,15,0.7337032714146468,1
2106607,21,0.7335556895449452,1
1720903,17,0.7332627536988643,1
2805901,28,0.7331729922464721,1
3303203,33,0.7330087822056742,1
1502764,15,0.7326820616241702,1
4322509,43,0.7326361593018335,1
4209508,42,0.7323084536936694,1
4305207,43,0.7321861454717502,1
2109106,21,0.7321073569623245,1
2927408,29,0.7318343654849447,1
4322202,43,0.7317364204551278,1
4212254,42,0.7315831318267736,1
1200054,12,0.7315798409454763,1
3104502,31,0.7315047343870558,1
3118502,31,0.731443781776139,1
3551504,35,0.7314230522433172,1
2912905,29,0.7312735921407248,1
1304401,13,0.7311771700601138,1
3126703,31,0.731022726787984,1
2515302,25,0.7307058382674202,1
4301875,43,0.7305197732415932,1
1709302,17,0.7300498134447589,1
5103403,51,0.7293594596726718,1
4315305,43,0.729297771964458,1
2905206,29,0.729129254806248,1
1300680,13,0.7289439006798604,1
1301308,13,0.7285134468576284,1
3522109,35,0.7284315522992315,1
4303608,43,0.7281989540501602,1
3134707,31,0.7280698804898627,1
5004908,50,0.7278905486366838,1
1717800,17,0.7278427202208521,1
1500800,15,0.7277836476461652,1
4216503,42,0.7274273597406475,1
3303104,33,0.727278241512287,1
4321709,43,0.7271730642064769,1
1503002,15,0.7268072062540756,1
4305850,43,0.7267996129229792,1
3301801,33,0.7266943291985024,1
2405009,24,0.7265914823074133,1
1506351,15,0.7264883630116344,1
5005004,50,0.7262735653854346,1
2925105,29,0.726036409060068,1
4313706,43,0.726019996828566,1
2909406,29,0.7260006058094212,1
4303202,43,0.7252981901314876,1
4319901,43,0.7247534020626875,1
4105201,41,0.7243903764130089,1
2806206,28,0.7240837835488771,1
3546009,35,0.7236881063474897,1
3149952,31,0.7234040254385348,1
2707305,27,0.7233981749429707,1
4204558,42,0.723077171850379,1
2413904,24,0.7230398369286356,1
4314472,43,0.7229824354866088,1
2927705,29,0.7227838198634425,1
2706422,27,0.7225297405405953,1
2902609,29,0.7223888303154977,1
2106326,21,0.7223396628251185,1
4321501,43,0.722253933625048,1
2902302,29,0.7222301766934899,1
4117602,41,0.7221848827635124,1
4214003,42,0.7221810366418455,1
5003702,50,0.7218263505272298,1
1714880,17,0.7217551229218173,1
5004502,50,0.721656293991123,1
4321105,43,0.7213569637043065,1
4115101,41,0.7213012359782957,1
2916203,29,0.7212085635944412,1
4216800,42,0.7211706701558416,1
3149150,31,0.7211509248211557,1
2701704,27,0.7202015780342621,1
1713957,17,0.7201320340353534,1
2111672,21,0.7197013949776899,1
2514651,25,0.719651799902332,1
4300471,43,0.7196021155988297,1
1502756,15,0.719421385640625,1
5004809,50,0.7191242403566089,1
5002100,50,0.7190966792958946,1
2400307,24,0.7189194095259521,1
1506112,15,0.7188174139161595,1
4307807,43,0.7186277120670423,1
3301108,33,0.7183631008468411,1
4211892,42,0.718325045185636,1
1303502,13,0.7183104988356944,1
2109452,21,0.7182929509543269,1
3515152,35,0.718250242407137,1
2506806,25,0.7181188334449722,1
2613800,26,0.717704547165101,1
2413508,24,0.7175194070982489,1
4317509,43,0.7175127961715491,1
2204907,22,0.7174500149187977,1
1722107,17,0.7168662461907983,1
1508001,15,0.7168582407074204,1
2806602,28,0.7168475145994182,1
2904050,29,0.7167822301400363,1
1501253,15,0.7166879673885009,1
4309571,43,0.7166058894296597,1
3527603,35,0.7161457534621684,1
4205209,42,0.7159708923787871,1
4311270,43,0.7155610043839228,1
2402501,24,0.7152837151920874,1
2907707,29,0.7152568464991546,1
3524006,35,0.7151470314857726,1
4312401,43,0.7146097838403117,1
2706448,27,0.7146086332222573,1
3529658,35,0.7143998412213252,1
2913457,29,0.7140925685664258,1
2208809,22,0.7137080542464678,1
5005152,50,0.7135659680481062,1
1504802,15,0.7134955200095063,1
3130705,31,0.7134423776599431,1
2924900,29,0.7133262035193868,1
2807204,28,0.7129994337892598,1
3540754,35,0.712702033449968,1
4301057,43,0.7124289638950885,1
2920205,29,0.7120836656256176,1
1718303,17,0.7118016555037274,1
4312138,43,0.7116456873705229,1
4310553,43,0.7110751154228329,1
1718881,17,0.7108915433530719,1
2919504,29,0.7107219808363139,1
4111308,41,0.7106900519645901,1
2915700,29,0.7105770404569026,1
4307609,43,0.7105523655566741,1
2930774,29,0.7104751213085108,1
4314050,43,0.7104216372565746,1
3304102,33,0.7097763522228351,1
2907509,29,0.7094036665020479,1
2910008,29,0.7093133412821638,1
3302403,33,0.7091745601098737,1
2923001,29,0.7091450298455364,1
4126256,41,0.708600569366342,1
2504702,25,0.7084025534368552,1
1504976,15,0.7083804620540806,1
2908002,29,0.7080519317235279,1
1702901,17,0.7078772088406516,1
5105234,51,0.7075482360962955,1
4316808,43,0.7072369014185517,1
3301306,33,0.7072269376480159,1
3305000,33,0.707106910645943,1
3306107,33,0.707078166903879,1
2200509,22,0.7066134913710878,1
2401909,24,0.7065785073046162,1
4301651,43,0.70630666837897,1
4318457,43,0.7062315164067039,1
2803807,28,0.7062093233595316,1
2933257,29,0.7060040002998084,1
4215455,42,0.7058471315520883,1
4318606,43,0.7057388389055143,1
1706001,17,0.7052292676366608,1
2905107,29,0.7052291716260116,1
1716604,17,0.704567130684357,1
2608008,26,0.7045612835530467,1
2929057,29,0.7045260536963714,1
1501576,15,0.7044586614253976,1
4312104,43,0.7043955974580018,1
4314779,43,0.7043102557660613,1
4213708,42,0.7041699894212915,1
2800704,28,0.7040925799628636,1
3536802,35,0.7039305199707802,1
3534401,35,0.7038805841376148,1
2200905,22,0.7035285915985319,1
2102804,21,0.7033164802811507,1
2700300,27,0.7032893289398676,1
1304203,13,0.703264647618352,1
2904407,29,0.702974392876352,1
1302801,13,0.7027021675707876,1
2103000,21,0.7022858987994943,1
3135076,31,0.7020958697970432,1
3502309,35,0.7020938259527166,1
2201408,22,0.7019132312865064,1
2402105,24,0.7017742866731073,1
2921609,29,0.7016138470037653,1
2402709,24,0.7015280835795614,1
2708808,27,0.7014489206997708,1
2100550,21,0.7013899157605562,1
2805000,28,0.7006635767093846,1
2705309,27,0.6997696808958526,1
4306106,43,0.6997504905967863,1
2501153,25,0.6994845782893166,1
4302105,43,0.6993641681819109,1
2109759,21,0.6991155736318287,1
2511301,25,0.6990894664971856,1
3137007,31,0.6989754656596606,1
2800308,28,0.6989470149257404,1
4312302,43,0.6987232079394389,1
2709103,27,0.6983799467055554,1
2100907,21,0.6979354749519646,1
4304705,43,0.6978546774286821,1
1502301,15,0.6977796060897562,1
1716307,17,0.6976409041396799,1
4311130,43,0.6975903407352336,1
2930709,29,0.6974132618953603,1
3305604,33,0.6973336215481972,1
4318622,43,0.6973195774442245,1
3157336,31,0.6971642916842192,1
3537602,35,0.6970540761021927,1
2401305,24,0.6970528060067266,1
4218251,42,0.6969864467079706,1
2508208,25,0.6966793224449946,1
3554656,35,0.6966442464175945,1
4204178,42,0.696546582250048,1
2610707,26,0.6962936398929004,1
3135050,31,0.695787215564106,1
4304853,43,0.6956906850340956,1
5000708,50,0.6951172243696369,1
3518701,35,0.6950835033353735,1
1502707,15,0.6950809432134517,1
4102802,41,0.6950395725812065,1
1200401,12,0.6948482295251918,1
1200013,12,0.694679865041675,1
2606408,26,0.6944996569346523,1
3509957,35,0.6942194081086452,1
1200393,12,0.6941552203460561,1
1703057,17,0.6937502195391115,1
2402907,24,0.6937428399583289,1
3160207,31,0.6934070864524273,1
3513306,35,0.6932272126852977,1
4202305,42,0.6931827473756472,1
4302501,43,0.6930703327942791,1
2706703,27,0.6928984941920402,1
2803500,28,0.6926110774615484,1
2906857,29,0.6925731091246214,1
2933307,29,0.6925361525086794,1
1101807,11,0.6922489041428028,1
3304300,33,0.69204728914546,1
1504059,15,0.6920352184536864,1
4206504,42,0.6919647022103378,1
2806107,28,0.6915373814328856,1
2910107,29,0.6912707266967681,1
3305307,33,0.6908879095918119,1
3506607,35,0.6908639975375455,1
3153707,31,0.6905222732385585,1
4312609,43,0.690510554841671,1
2707800,27,0.6904038907322595,1
2923209,29,0.6902139252007782,1
2928208,29,0.6900231209445876,1
3506805,35,0.68995679390396,1
2101509,21,0.6899004802554736,1
2929404,29,0.6897623855765366,1
2501609,25,0.6897506703437997,1
1501782,15,0.6892257873004978,1
4209409,42,0.6889485968980613,1
1303908,13,0.6887373760967418,1
2929503,29,0.6885431204276854,1
2701803,27,0.6882139295407055,1
2207900,22,0.6879845159998089,1
1101468,11,0.6878183061312866,1
2802601,28,0.687799561767422,1
2504306,25,0.6875627287397441,1
2910404,29,0.6872484542211585,1
4202800,42,0.6871487328392956,1
2907004,29,0.6869510489898633,1
4306551,43,0.6865391655077052,1
2414308,24,0.6865207241850974,1
3305208,33,0.6861435275665917,1
2702900,27,0.6858848967415593,1
1505031,15,0.6858691247349004,1
2515609,25,0.6855307166722427,1
3152808,31,0.6853987669265791,1
5007505,50,0.6852464646679808,1
2112456,21,0.6850274903902412,1
3511003,35,0.6848220091625238,1
5107578,51,0.684627012472781,1
2509206,25,0.6843658319633145,1
3136702,31,0.6841644520655163,1
2603306,26,0.6840916755985038,1
4315800,43,0.6838255777858775,1
2904605,29,0.6835063304667284,1
4311809,43,0.6832802332779884,1
2703908,27,0.6830796601344108,1
3302254,33,0.682813808731732,1
3163003,31,0.6826602631678056,1
2107209,21,0.682553381174163,1
2613404,26,0.6824150282494665,1
4305306,43,0.6824004644071847,1
2104602,21,0.6821243690878052,1
5002902,50,0.6820769009440426,1
3306008,33,0.6816179410844966,1
3154309,31,0.6813935464330313,1
4320230,43,0.6813852687355835,1
2908804,29,0.6813052686234244,1
1600253,16,0.6812537410751492,1
3537206,35,0.6812035431998639,1
4314464,43,0.6811481271274901,1
2906006,29,0.680978159058413,1
4301958,43,0.68029167897108,1
2406007,24,0.680161235876558,1
4208708,42,0.6800826051810549,1
1507458,15,0.6800486788832831,1
2103307,21,0.6798290541916521,1
2921906,29,0.679518899935471,1
1501808,15,0.6794771304204238,1
3171030,31,0.6792939205103654,1
2202307,22,0.6790550626041806,1
3541000,35,0.6789169554160897,1
2206704,22,0.6788147089120751,1
1200252,12,0.6786134471982503,1
2112605,21,0.6784889705628476,1
3509601,35,0.6784509771023585,1
4300406,43,0.6784010868533243,1
2925253,29,0.678100548497515,1
2909703,29,0.6780202657364062,1
2924603,29,0.6778535897116654,1
4300901,43,0.6776548196099332,1
3515657,35,0.6776546469883006,1
2609402,26,0.6775822583835763,1
3521150,35,0.6775505885982624,1
3301405,33,0.6774803185616748,1
3125309,31,0.6774555633182248,1
2933174,29,0.6771854127904834,1
1600402,16,0.6766737001043943,1
2704708,27,0.6766648064878245,1
3508603,35,0.6763897180677435,1
2705606,27,0.6756680539536963,1
2600054,26,0.6755795443784289,1
1600279,16,0.6755422342521776,1
2917409,29,0.6752974089533392,1
2204204,22,0.6751729893290345,1
1300144,13,0.6747461350436635,1
2924801,29,0.6747074752411126,1
3513009,35,0.6746753386389072,1
2803401,28,0.6743634383386443,1
1707652,17,0.6737960129081508,1
2921104,29,0.6735076242089771,1
2917904,29,0.6734170063818671,1
4312450,43,0.6731562033193472,1
2801900,28,0.6731535154722857,1
1505437,15,0.6731323049935528,1
4316709,43,0.6730970189037044,1
4313060,43,0.6729784949354707,1
4211900,42,0.672894968114465,1
3531902,35,0.6728413591065958,1
2413003,24,0.6724033275009368,1
4305587,43,0.6715943284378872,1
4306502,43,0.6714682420090432,1
2916708,29,0.6713697989212797,1
2924504,29,0.6708801111282229,1
2100436,21,0.6708752184288752,1
3515004,35,0.6706169603153864,1
4320107,43,0.6703618542088167,1
2512804,25,0.6702714942507697,1
5107008,51,0.6701820686577519,1
2913408,29,0.6699878344733404,1
2922805,29,0.6699759487017893,1
4322855,43,0.669827125381811,1
1506195,15,0.6695911614597614,1
4203006,42,0.6694709701663851,1
4319505,43,0.6690468597765601,1
2911659,29,0.6687495252906444,1
2516003,25,0.6686549193877986,1
3511409,35,0.6685763616239906,1
4218707,42,0.6684205502986247,1
1301902,13,0.6682011281951986,1
4322301,43,0.6681994507834922,1
3545407,35,0.6681205963830782,1
2904308,29,0.6679983771928477,1
4302584,43,0.6678867185015851,1
4318200,43,0.6676678942109221,1
4302352,43,0.6676078371275339,1
2704104,27,0.6674826731140472,1
1100106,11,0.6672869527707758,1
1506161,15,0.6664004530505969,1
4205456,42,0.6657794640125313,1
1705607,17,0.6657323702961531,1
2919702,29,0.6655447971606344,1
2807105,28,0.6654836590841483,1
4214409,42,0.6652438939671403,1
1301605,13,0.664662838227488,1
3300936,33,0.6644680020089853,1
2920403,29,0.6642825795654979,1
3140605,31,0.6642513787619044,1
4316758,43,0.6642074806385577,1
2201705,22,0.6636291718595257,1
4300638,43,0.6635030135039028,1
2923050,29,0.6633494108040534,1
2512903,25,0.6633009514732685,1
3554755,35,0.6632323774020007,1
4124004,41,0.662793411234445,1
4314506,43,0.6627865085268997,1
2807501,28,0.6626212134061984,1
2104800,21,0.6624947741011638,1
2209872,22,0.662091947202847,1
5107040,51,0.6619150107587193,1
2932002,29,0.6617964266811349,1
4200101,42,0.6617708385311671,1
3538907,35,0.6615566209500959,1
4321626,43,0.6610943026391567,1
3525854,35,0.6610581954482511,1
2513109,25,0.6606172730974106,1
2404101,24,0.660534879120679,1
3552809,35,0.6602121376947006,1
4219705,42,0.6601141013618044,1
2913002,29,0.6600447894677558,1
2103208,21,0.6596095490005356,1
2605509,26,0.659583192932358,1
2801603,28,0.6594811088444347,1
2926400,29,0.6590825711819068,1
4210407,42,0.6590414299398897,1
4303905,43,0.6589416875347852,1
2930907,29,0.6582207222371923,1
2401453,24,0.6582072665187723,1
2409605,24,0.6581631590297145,1
1303205,13,0.6579680487706231,1
2111532,21,0.6579155704122281,1
1714203,17,0.6578484288105846,1
2513356,25,0.6577552803944836,1
2706802,27,0.6577351234501175,1
2911204,29,0.6577090034094799,1
1505403,15,0.657403027009943,1
2412500,24,0.6573893920881464,1
4311403,43,0.6570569115544269,1
4105003,41,0.6567353699523014,1
2107506,21,0.6566409848100968,1
5001508,50,0.65660764404223,1
1503606,15,0.65640118136255,1
3128600,31,0.6563681197497562,1
1701002,17,0.6560332142649745,1
4118204,41,0.6550734740000606,1
2513901,25,0.6550195080660168,1
4322525,43,0.6540815386061474,1
4210803,42,0.6539859871257915,1
2602001,26,0.6536668427448182,1
2917359,29,0.6535398288603772,1
4313490,43,0.6535169301520692,1
1701903,17,0.65335817316083,1
4310108,43,0.6531592205495055,1
1501907,15,0.6528457657070021,1
3519253,35,0.6525722655433746,1
1304104,13,0.6525578150292969,1
3552007,35,0.652190511161123,1
2704500,27,0.6521502319503494,1
3302700,33,0.652037230036513,1
5100359,51,0.6515033289062173,1
3126307,31,0.6514619511502275,1
2902054,29,0.6510212813148188,1
4323200,43,0.6510192687823438,1
2700409,27,0.6508563108413281,1
2507705,25,0.6508094853361551,1
3550704,35,0.6503742525011615,1
3531506,35,0.6502756070620018,1
2604601,26,0.6499233503678276,1
2912103,29,0.6498651591760489,1
3510609,35,0.6498079860368319,1
2917201,29,0.6498018391417969,1
5106653,51,0.6496410233692947,1
3109451,31,0.6494660984021517,1
1713809,17,0.6493371186315564,1
2909604,29,0.6490049423743084,1
5105507,51,0.6489172689223432,1
3500501,35,0.648762450715439,1
3530607,35,0.6485492915247805,1
2901155,29,0.6485335106035788,1
4310702,43,0.6484089029390995,1
2700201,27,0.6480495630560227,1
3110509,31,0.6478005088101699,1
3110806,31,0.6476591160207086,1
2100709,21,0.6476133055351219,1
4219101,42,0.647537594642872,1
2413607,24,0.6474840682104039,1
3305752,33,0.6472660667260803,1
1502202,15,0.6471574801854354,1
4206207,42,0.6471384849369395,1
3527207,35,0.6470278580498623,1
2405603,24,0.6470051931885786,1
1100205,11,0.6469048276094528,1
3124906,31,0.6468803225691708,1
2918605,29,0.6465847059918173,1
4126504,41,0.6462120640172823,1
3302809,33,0.6461968480941541,1
2704401,27,0.6461054771168434,1
2900504,29,0.6459079478818398,1
2913309,29,0.6457229735863861,1
2708006,27,0.6453684565863694,1
2102358,21,0.6453083132373204,1
3518800,35,0.6452338504082267,1
4304622,43,0.6451931894170773,1
1600303,16,0.6450194481439939,1
4304689,43,0.644937552075719,1
4308250,43,0.6447914557418167,1
4310603,43,0.6447479219690403,1
2404309,24,0.6443709830980514,1
2211308,22,0.6441928798115095,1
4212502,42,0.6441698413758463,1
3101706,31,0.6439032009503826,1
2918308,29,0.6437682722984358,1
4322103,43,0.6436604775467929,1
4114708,41,0.6435935240713426,1
4300307,43,0.6430946411876503,1
4204202,42,0.6429066461939219,1
1712009,17,0.642793393927701,1
2205458,22,0.6424653285042821,1
2517407,25,0.6418713062149985,1
1303700,13,0.6416640546998,1
5106828,51,0.6407360209271747,1
2403806,24,0.6403098166013,1
2207504,22,0.6396363770198498,1
1707405,17,0.6394728503400153,1
3153004,31,0.6393559658253135,1
2211357,22,0.6392491742861645,1
2920601,29,0.639244463795158,1
2705002,27,0.6391974806295316,1
3539806,35,0.6387067983568454,1
2930766,29,0.6386986149769164,1
5107800,51,0.6386254702283568,1
1506104,15,0.6385340772471165,1
1200609,12,0.6375610275488997,1
2507309,25,0.6373378650610462,1
5106778,51,0.6370720196351684,1
2203800,22,0.6364879218220686,1
2105302,21,0.6364583766682127,1
4205407,42,0.6364108714973706,1
2206670,22,0.6363755466769393,1
4209102,42,0.6360726868772264,1
4213401,42,0.6359714837356719,1
1721000,17,0.6355387248438691,1
3117876,31,0.6352219639146379,1
4200705,42,0.6350187313387256,1
3104700,31,0.6346828318935807,1
5001904,50,0.6343175666176761,1
2201929,22,0.6342750545077316,1
4305900,43,0.6342108239313268,1
2411007,24,0.6333304396851159,1
5106257,51,0.6332617848777123,1
4319604,43,0.6331236899435504,1
4100103,41,0.6325502746450274,1
4117404,41,0.6321965205376451,1
2210979,22,0.6317364640277583,1
2912806,29,0.6315761788063688,1
2931301,29,0.6314892707814038,1
1506708,15,0.6313430150617241,1
2204105,22,0.6311392560919762,1
3536703,35,0.6308090581178847,1
2922201,29,0.630636985957261,1
4310850,43,0.6304392065333668,1
2110708,21,0.6302959023109914,1
4115705,41,0.6302279726960167,1
2101806,21,0.6298085938205553,1
2511400,25,0.6297654047095386,1
4211702,42,0.6293749388830011,1
2101202,21,0.628898351716717,1
2105500,21,0.6284829113019609,1
2901007,29,0.627972120554321,1
4119954,41,0.62787261590666,1
2111052,21,0.6278316106568518,1
3115300,31,0.62782702084724,1
1708205,17,0.627647819676048,1
3135209,31,0.6273984443085457,1
2208502,22,0.6272596319819236,1
2516755,25,0.6270953731267792,1
4301859,43,0.6270146734371425,1
3304003,33,0.6262368218850848,1
4320008,43,0.626208918592971,1
2209658,22,0.6261123345541222,1
4316733,43,0.62596914521331,1
2913804,29,0.6258010741938173,1
5005806,50,0.6255967680185214,1
2502300,25,0.625520620303199,1
2705705,27,0.6250665812813596,1
4216057,42,0.6249496369337526,1
3532009,35,0.6244009922201393,1
3524402,35,0.624360644510175,1
2206407,22,0.6241792328196533,1
5002407,50,0.6241266900925007,1
4301305,43,0.6234385312328399,1
1500958,15,0.6231157485981015,1
2108504,21,0.6228265967171567,1
2902807,29,0.6227161008829389,1
2932606,29,0.6225755419576184,1
4124103,41,0.6223943137245209,1
2411403,24,0.6216275818888534,1
2106508,21,0.6213691053224581,1
4219853,42,0.621318063248329,1
1713205,17,0.6212357626888206,1
4312005,43,0.6210434663161234,1
4111902,41,0.6210126923760723,1
1600154,16,0.620725722002258,1
1717206,17,0.6206364892594821,1
2406106,24,0.620633318861022,1
3530102,35,0.6202093182636464,1
3505609,35,0.6201964292421587,1
1508159,15,0.6201720016768231,1
2511905,25,0.620140645119109,1
2918803,29,0.6194554329846087,1
4108007,41,0.6193756305491412,1
4207106,42,0.6191633525983804,1
2914406,29,0.6189664918958306,1
1304005,13,0.6189018660582313,1
2107456,21,0.6188440421957844,1
1710508,17,0.6183219203179986,1
2503308,25,0.6183123884761743,1
2911253,29,0.6181699329963148,1
4202404,42,0.6180549137775039,1
4320404,43,0.6173573020527748,1
4202859,42,0.6173035636397444,1
1718501,17,0.6172463871138778,1
3557204,35,0.6170888816336383,1
4311304,43,0.616949178431572,1
1301001,13,0.6168414015418631,1
1300607,13,0.6168257936378788,1
3542800,35,0.6167188546471883,1
4203501,42,0.6166532376163268,1
5006408,50,0.6160594041248183,1
2806008,28,0.6159651747492954,1
3503158,35,0.6155367929070277,1
3534104,35,0.6153390095173592,1
4306932,43,0.6152755678523655,1
4300570,43,0.6151747857012124,1
3144672,31,0.615054290677465,1
2704203,27,0.6148939802108857,1
4300034,43,0.6148257412547663,1
4203303,42,0.6147897610007423,1
2412401,24,0.6147115588024488,1
1505106,15,0.6144973781388464,1
4202909,42,0.6144131759492816,1
2923605,29,0.6139967989555845,1
3510302,35,0.6134589656636132,1
2400802,24,0.6133302780379023,1
2704807,27,0.6131900778441549,1
4215703,42,0.613175743353406,1
2807402,28,0.6130354456278381,1
2927309,29,0.6129893236294938,1
1506138,15,0.6126913474805674,1
2414506,24,0.6125173244811063,1
3305505,33,0.6124718349497307,1
5200258,52,0.6124064812421337,1
4304002,43,0.6123137193331538,1
3519600,35,0.6122004408721141,1
2512788,25,0.612156056543197,1
3509452,35,0.6121202721614108,1
2103604,21,0.6117871153010166,1
4111258,41,0.6117845808650246,1
3504909,35,0.6116405078777333,1
4307005,43,0.6113820845062892,1
1200708,12,0.6113513434275655,1
2109056,21,0.6112599250332114,1
2703700,27,0.611036840529776,1
3553856,35,0.6108733673829783,1
3101508,31,0.610863380335093,1
2702603,27,0.6107562915721373,1
2921450,29,0.6102468330801282,1
4211306,42,0.6099519061749165,1
4101051,41,0.609941476794035,1
4319802,43,0.6098133708061951,1
5107909,51,0.6096806965988759,1
2925303,29,0.6092795843836929,1
3548708,35,0.6092634930873536,1
1508050,15,0.6092271915962756,1
4121000,41,0.6091270595906497,1
1101476,11,0.6090406304079939,1
3513207,35,0.6087311228323693,1
4108502,41,0.6085853801371206,1
4306973,43,0.6077354360134185,1
4304697,43,0.6077271353210445,1
3546256,35,0.6075963098462024,1
1717503,17,0.607573289407271,1
4314456,43,0.6075260093461061,1
2602902,26,0.6075015876500219,1
3540705,35,0.6073847784941321,1
4203600,42,0.6073735724301329,1
1703800,17,0.6069255120759299,1
4318804,43,0.6069175101752786,1
2918506,29,0.6067597921220002,1
2510501,25,0.606757235839272,1
2706901,27,0.6066591652787333,1
2703205,27,0.6066375074210468,1
2931004,29,0.6064826844103876,1
4311718,43,0.6063650400784912,1
4321204,43,0.6061561461104529,1
3549953,35,0.6059804065230151,1
2507903,25,0.6059499180698217,1
1100403,11,0.605733860498059,1
3554102,35,0.6056876784740526,1
4318903,43,0.605557476123553,1
2401701,24,0.6053095760332473,1
4309126,43,0.6051780274660449,1
4207809,42,0.6048833370214306,1
3159357,31,0.6046289253046024,1
5215231,52,0.604452814733185,1
2900355,29,0.604099951391219,1
4104253,41,0.6030168485440908,1
2111201,21,0.6029036628869534,1
3526605,35,0.6028275157756112,1
3539400,35,0.6022949477915748,1
4205803,42,0.6021585056940003,1
2931608,29,0.6020911684344997,1
1502152,15,0.6020836769320873,1
2901304,29,0.6018039672235547,1
2702801,27,0.6013102133254872,1
4119152,41,0.6012501846615005,1
3525003,35,0.6009638935286383,1
2107308,21,0.6007156821012051,1
5218003,52,0.6002587332732652,1
4319000,43,0.5999076322942871,1
4110003,41,0.5996534350695207,1
4308102,43,0.5995681491816941,1
1702208,17,0.5995655875585838,1
3522901,35,0.5995525399356338,1
3170107,31,0.5994457051932717,1
4201950,42,0.5990628627033894,1
2110856,21,0.5989506489250761,1
4312617,43,0.5988035746231887,1
2507507,25,0.59869432921395,1
3107505,31,0.5986616926395775,1
5103304,51,0.5986151085209873,1
2514909,25,0.5986005694343871,1
2100501,21,0.5984799490417246,1
3120151,31,0.5983980329461545,1
1507904,15,0.5983832943052894,1
1720499,17,0.5983546094592064,1
3552502,35,0.5982056304493243,1
2108256,21,0.5975178781550579,1
2600708,26,0.5973464764814101,1
3301207,33,0.5971347206396714,1
3505807,35,0.5969148969822835,1
2911501,29,0.5967479563190233,1
3300100,33,0.5967407373831294,1
3306305,33,0.5965967427966888,1
4103107,41,0.5960568974174529,1
4105805,41,0.5958580329974188,1
3305802,33,0.5955907833455253,1
2616407,26,0.5954440370907124,1
4212650,42,0.5952522464675843,1
3556206,35,0.5951049695901287,1
2109502,21,0.5950414289080082,1
2917805,29,0.5947722398244554,1
2911709,29,0.5946202721965613,1
2505402,25,0.5945457530591839,1
3306206,33,0.5937982849453238,1
2922003,29,0.5937634108801482,1
1505502,15,0.5936697840073007,1
3507605,35,0.5936599420290948,1
3504503,35,0.5935889378846736,1
2921054,29,0.5935013688809958,1
2103505,21,0.5934152835974922,1
4116000,41,0.5933806855900822,1
3304607,33,0.5932379771746449,1
4201307,42,0.5931068140015504,1
2205508,22,0.5930783810276418,1
2925204,29,0.5930269732592207,1
4318101,43,0.5930266807420422,1
3113503,31,0.593025003650418,1
2109809,21,0.5930120889928882,1
3118403,31,0.5928824876977838,1
1303957,13,0.5925166637035573,1
4317558,43,0.592493080749645,1
2607604,26,0.5920160108992627,1
2412906,24,0.5915870586800268,1
3551009,35,0.5912984083567195,1
4215075,42,0.5912741133023174,1
4312708,43,0.5909934916179855,1
2906907,29,0.5909912320094778,1
4219150,42,0.5909473663346269,1
2507002,25,0.5909372495589772,1
4112702,41,0.5906814276599662,1
2404903,24,0.59067916711963,1
2502102,25,0.5903582814139305,1
4209003,42,0.5897416231863246,1
3303906,33,0.58969222677946,1
3142809,31,0.5890983371310038,1
1718402,17,0.5889007981889157,1
2903706,29,0.588773938006383,1
2202653,22,0.5886471028172084,1
4209706,42,0.588550394831265,1
4216206,42,0.5881713368940262,1
2202901,22,0.5881515691921042,1
2403707,24,0.5881489045680018,1
2410801,24,0.588124232200283,1
2103554,21,0.5881055117064407,1
2106706,21,0.5880571181561022,1
2202505,22,0.5879116365246696,1
2910776,29,0.5878443363201954,1
4309753,43,0.5877488578409199,1
4314175,43,0.5873238338473625,1
1702109,17,0.5872917147494394,1
4320800,43,0.586981427285448,1
4209904,42,0.5869031343559767,1
4116208,41,0.5866756142764047,1
2204402,22,0.5863005347763393,1
4217501,42,0.58623708264941,1
4101853,41,0.586235029336051,1
2403400,24,0.5857232739605321,1
2931202,29,0.5852771462769566,1
2903102,29,0.5849750459522164,1
3126604,31,0.5849328262496697,1
3509205,35,0.5849149291177266,1
2508307,25,0.5843758498524989,1
1501451,15,0.5834814680801422,1
3304128,33,0.5834022039898613,1
4215059,42,0.5833273441681829,1
3169604,31,0.5831165792450105,1
4109757,41,0.5831016935476802,1
2504009,25,0.5830212958221054,1
3302056,33,0.5825010760382588,1
2201960,22,0.5819161832922741,1
4322707,43,0.5818003268602094,1
2911006,29,0.5817525269350822,1
2709400,27,0.581386161010647,1
3551801,35,0.5810086730082827,1
4219309,42,0.5809541710904919,1
3529807,35,0.5808129535093723,1
4311627,43,0.5806921030977718,1
2207934,22,0.5800831788672063,1
2906600,29,0.5792341466678426,1
2101251,21,0.5787738364808036,1
1300029,13,0.578671706178223,1
2200459,22,0.5784441422268822,1
2700102,27,0.5778704562501896,1
4312054,43,0.5776560448040757,1
4305439,43,0.5774783158987308,1
2706604,27,0.5774578793814943,1
1505635,15,0.5772896095629613,1
3156205,31,0.5771861602297148,1
3157278,31,0.5770790421769454,1
3511607,35,0.5769653974977398,1
4215505,42,0.5765055671469065,1
2907558,29,0.5763873675730462,1
2107407,21,0.5759011615731958,1
2202117,22,0.5754549361455716,1
5103502,51,0.5754326519318171,1
4203154,42,0.5751267779402193,1
3132701,31,0.5750725316496734,1
3549805,35,0.5749220775684951,1
4204251,42,0.5749161665076628,1
4318051,43,0.5748272822281041,1
3521804,35,0.5747685163587934,1
4120903,41,0.574656328342338,1
2709202,27,0.5745901334413644,1
2102903,21,0.5745744945325153,1
3507803,35,0.5745084739068523,1
5101605,51,0.5744859535171932,1
2613701,26,0.5741917976097004,1
1100908,11,0.5741388018138673,1
4200408,42,0.5736400423941657,1
2926806,29,0.5734788649346025,1
4217253,42,0.5733389721001099,1
5215207,52,0.572817042149016,1
2912509,29,0.5727662987980062,1
4125506,41,0.5725552345661277,1
2709004,27,0.5723563719556084,1
3525201,35,0.5721741895174037,1
1301803,13,0.571034638411287,1
2933406,29,0.5708751001145452,1
2912301,29,0.5708420326140851,1
3518107,35,0.5708305148457983,1
1501105,15,0.5707527249350071,1
2700706,27,0.5705963917427188,1
3135704,31,0.5705933375432296,1
2506905,25,0.570582261333036,1
3166709,31,0.5702137323802784,1
4314035,43,0.5700672763475784,1
2102325,21,0.5699834714279307,1
2708402,27,0.5692958923365377,1
3154101,31,0.569239581494804,1
3154606,31,0.569048473768379,1
3112703,31,0.5690190704461376,1
4106456,41,0.5682414514370042,1
2500809,25,0.5680482723784434,1
4309951,43,0.5675076439906485,1
4113601,41,0.5674027776962204,1
3516309,35,0.5673522084336531,1
1700400,17,0.5669666336997369,1
3549508,35,0.5664687251840362,1
4322533,43,0.5663647880509993,1
2502003,25,0.5661579736074595,1
3300407,33,0.5657150571242294,1
3107000,31,0.5655859548063971,1
4127106,41,0.5649925276751524,1
4106902,41,0.5646111117700431,1
5008404,50,0.5644901018154903,1
4116505,41,0.5641539417553006,1
5007208,50,0.5638434255107652,1
4218350,42,0.5637389056112384,1
4312443,43,0.5637087815346981,1
3549607,35,0.5635913095827886,1
3125804,31,0.5631599069431018,1
3116001,31,0.5630137700112293,1
2110203,21,0.562917986351024,1
2207793,22,0.5629167060241569,1
3501400,35,0.5628934822396892,1
2910206,29,0.5625916478775083,1
3550308,35,0.562531795528029,1
2704005,27,0.5622935059221496,1
3531704,35,0.5622041620846554,1
4308078,43,0.5621405802334563,1
4103602,41,0.562013731840991,1
1718899,17,0.5615714806447168,1
3532306,35,0.5613717082832727,1
2508802,25,0.5613231569771421,1
3138104,31,0.5609994196498304,1
4204608,42,0.5609065550741626,1
4209607,42,0.5606443226410702,1
3524105,35,0.5605315770698852,1
3528700,35,0.5603659837533674,1
2509909,25,0.5603087608101747,1
2612554,26,0.5600124203114472,1
2112001,21,0.5594506428238254,1
3534906,35,0.5587542586074146,1
1709500,17,0.558617487334977,1
2905008,29,0.558467740522893,1
4206801,42,0.5584035817021988,1
4213351,42,0.5580279507001797,1
2922300,29,0.5576268788808307,1
2513802,25,0.5574479605510234,1
3517802,35,0.5573643858416217,1
2708709,27,0.5573423589948842,1
3161056,31,0.5572631346321101,1
2915007,29,0.5571285946907341,1
2511707,25,0.5566172666068437,1
2927903,29,0.5564173010861636,1
2614501,26,0.5561251198503131,1
2901106,29,0.5556533170263056,1
2513158,25,0.5553659070707371,1
2201507,22,0.554992934837478,1
1708254,17,0.5548406934130047,1
4103057,41,0.5548398361786265,1
3550605,35,0.5542128638279029,1
2923308,29,0.5531199346848638,1
2926657,29,0.5529857750029608,1
2501302,25,0.5527702094327444,1
2908101,29,0.5524697300159389,1
4317707,43,0.552262217653189,1
5106307,51,0.5520682022808207,1
3512902,35,0.5519138345403416,1
2102150,21,0.5515666159172689,1
4126702,41,0.5515511249785146,1
3303955,33,0.5512424679562081,1
2407807,24,0.5510247763226682,1
2910305,29,0.550686690772382,1
1300086,13,0.5504021016852519,1
2512754,25,0.5503034656036796,1
3304151,33,0.5501902161015721,1
4108700,41,0.5501651719850439,1
4115903,41,0.5497862014818174,1
3158607,31,0.5493371696109158,1
4313441,43,0.5492813601147977,1
3506300,35,0.5490376417150525,1
5105150,51,0.5486553852765377,1
2914604,29,0.5485443664384503,1
4218905,42,0.5483261440083366,1
2706208,27,0.5478681161017445,1
4322152,43,0.547758124538878,1
3522406,35,0.5476704400080517,1
2704906,27,0.5475615063427542,1
2603454,26,0.5473742390107753,1
3305406,33,0.5470698664077616,1
3113305,31,0.5470575667476616,1
5102504,51,0.5465441186817458,1
2602605,26,0.5461535944337109,1
4109906,41,0.5460218778269887,1
2110005,21,0.545806991416352,1
4214805,42,0.5457519746984589,1
5104906,51,0.5456206072230677,1
4110052,41,0.5455753900329092,1
2909000,29,0.5446841236163249,1
2515500,25,0.5443501420245581,1
2104677,21,0.5440967566583291,1
2706109,27,0.5440646778844133,1
4314134,43,0.5438131206615496,1
5100102,51,0.5437931250400678,1
4202537,42,0.5437786307685023,1
5203906,52,0.5430127970384686,1
2502805,25,0.5428593746854065,1
1703107,17,0.5428364638286205,1
3140100,31,0.5426697554845471,1
2922409,29,0.5424505133328816,1
4208005,42,0.5423335225358012,1
2910750,29,0.5419064839581558,1
3553807,35,0.5419028274743728,1
4313102,43,0.541746457259875,1
4215109,42,0.5417386315817966,1
4307302,43,0.541526271988204,1
3556503,35,0.5406029014322471,1
2201770,22,0.5401546442730669,1
3511904,35,0.5401276633802314,1
2504900,25,0.5401247326877059,1
2612505,26,0.5401130651395873,1
4319703,43,0.539909422965571,1
3300233,33,0.5397903610773971,1
1507102,15,0.5396477202981577,1
4322343,43,0.5393753460027196,1
5105309,51,0.5392558009285946,1
4318408,43,0.5389569148845018,1
2111300,21,0.5384468210779152,1
4126801,41,0.5382832701508776,1
2501401,25,0.5381397936737814,1
3117306,31,0.5378031686601452,1
2705101,27,0.5372638899184733,1
3501152,35,0.5371416484904188,1
5005681,50,0.5366086849269338,1
2608800,26,0.5365544096071069,1
2514404,25,0.5363434822934151,1
3528908,35,0.5362907020818587,1
1303403,13,0.5361740278581886,1
2109601,21,0.5361019967784465,1
4306924,43,0.5359101976642946,1
4317202,43,0.535903113716618,1
2904001,29,0.5357741282036235,1
1720804,17,0.5356389132081019,1
5300108,53,0.5352860379656024,1
4207007,42,0.5352124232679052,1
3133303,31,0.5351551405500167,1
3554805,35,0.5351029266865334,1
5219753,52,0.5347323546167146,1
2918902,29,0.5346893629225646,1
4305975,43,0.5346343822356704,1
2601102,26,0.5344761386842375,1
5003256,50,0.5344247659543804,1
4107652,41,0.5338715586025963,1
3557006,35,0.5338333274038909,1
2207603,22,0.5335989224609407,1
4309407,43,0.5334358111350076,1
2210623,22,0.5334014365454727,1
1101757,11,0.5331858411078341,1
2922706,29,0.5331120114918017,1
4205357,42,0.5330802010150243,1
3540259,35,0.5327770213683712,1
5007950,50,0.532615281957602,1
3543402,35,0.5318239021131915,1
2408409,24,0.5317736698901175,1
2112803,21,0.5316448354420679,1
5105606,51,0.5315673856108278,1
2614303,26,0.5315358429368118,1
4207304,42,0.5315324773378636,1
2514305,25,0.5313325426905565,1
4321634,43,0.5312471325646781,1
4128807,41,0.5311740127668202,1
4305959,43,0.5309942312979054,1
4208450,42,0.5304978413707532,1
1703701,17,0.530219645597541,1
2500536,25,0.5301267215193892,1
4304200,43,0.5300794293265186,1
1718709,17,0.530028001624581,1
4323457,43,0.5298976236595954,1
2107001,21,0.5297913263904058,1
5007554,50,0.52954445541857,1
3119401,31,0.529074718565606,1
2209005,22,0.5289243764137075,1
2807006,28,0.5287177700053372,1
2505501,25,0.5283372530102592,1
3520103,35,0.5280059421580717,1
3101102,31,0.527629861009949,1
3304524,33,0.5274731785153044,1
2605707,26,0.5271120136250301,1
5003801,50,0.526859192532358,1
5209903,52,0.5267185048709562,1
2112506,21,0.5266962088145389,1
5002605,50,0.5265249505172171,1
3136504,31,0.5262167095238549,1
4319406,43,0.5260633116341203,1
3545308,35,0.525651384533192,1
1301704,13,0.5256228790005752,1
5004403,50,0.5255880340318304,1
1715507,17,0.5251321324500171,1
2201309,22,0.5247555983703308,1
2100477,21,0.5247284873197718,1
1716703,17,0.5246009742995663,1
2504504,25,0.5244543156944839,1
2509305,25,0.5243605969209568,1
3549250,35,0.5241954273242124,1
2106755,21,0.5241263702854723,1
5108600,51,0.5236404100139754,1
5005707,50,0.5235727184054422,1
3502754,35,0.5232855421215457,1
4203907,42,0.5228612136253685,1
2401800,24,0.5224158362603882,1
3170206,31,0.5223292101807233,1
4219507,42,0.5222876526729946,1
3111507,31,0.5222464172416655,1
5103353,51,0.5221636515711359,1
2106631,21,0.522042495329577,1
3507100,35,0.521695602086627,1
1720101,17,0.5213224597544618,1
4128708,41,0.5211555943367359,1
3500550,35,0.5211485735022736,1
4305355,43,0.5210171656866711,1
2607901,26,0.5202683187389522,1
4215653,42,0.5200961300163993,1
4128104,41,0.5196782308235309,1
4216602,42,0.5195911231571572,1
4114302,41,0.5188659118715606,1
2921005,29,0.5186761152305592,1
3127057,31,0.5184565107339919,1
2102606,21,0.5181244490281863,1
3513108,35,0.5179956650005212,1
4303400,43,0.5178081997372841,1
2208601,22,0.517802420643999,1
2204352,22,0.5171953414081153,1
1501006,15,0.516983262487244,1
2205706,22,0.5168532424447695,1
2207306,22,0.5165464330453936,1
3520202,35,0.5164877821500875,1
3150570,31,0.5164506604872782,1
2708907,27,0.516427362812478,1
5103106,51,0.516267212847727,1
2707206,27,0.5161991542716062,1
2413706,24,0.5160183300246766,1
3526100,35,0.5156425627974162,1
2506707,25,0.5156029944017377,1
3552304,35,0.5154030574907119,1
2406601,24,0.5153304492988334,1
2511202,25,0.5153198889384883,1
5006002,50,0.5150478365558653,1
3516804,35,0.5149828817839068,1
3516408,35,0.5149202885157679,1
4306379,43,0.514910210520499,1
1506401,15,0.5148634613007437,1
3554607,35,0.5148352540274215,1
4211876,42,0.5148187564569772,1
2607406,26,0.5147841174796891,1
4316451,43,0.5146721612060878,1
3519071,35,0.5141866777337974,1
2504801,25,0.5140337247667994,1
3303609,33,0.5139609400423388,1
3304508,33,0.5138428553193846,1
4322558,43,0.5136204155716695,1
3544608,35,0.5135959643069675,1
3148707,31,0.5134684202516332,1
3523206,35,0.5134300480889465,1
2107803,21,0.5129329244456496,1
1100130,11,0.5128824974892819,1
5004106,50,0.5125011417414039,1
3132305,31,0.5119887425586348,1
2609808,26,0.5115603807309325,1
4201109,42,0.5114345722751293,1
3551702,35,0.5114089078119259,1
3515202,35,0.5112481678832124,1
2922607,29,0.5109770507294387,1
2514701,25,0.5107580224190132,1
3303401,33,0.51073588354475,1
2610806,26,0.5103379492983232,1
3304409,33,0.5101916874441141,1
4313607,43,0.5101563899771555,1
3527306,35,0.509957932573349,1
4202107,42,0.5096657117145725,1
4319158,43,0.5093219850464222,1
4310801,43,0.5087941503141432,1
3136959,31,0.5081302587619455,1
2922755,29,0.5079678219514407,1
4308433,43,0.5079358381827808,1
1711803,17,0.5077767072441948,1
2500577,25,0.507755610270382,1
3543907,35,0.5076474388745376,1
3157401,31,0.5075320004094166,1
3300225,33,0.5074813174123521,1
5103809,51,0.5070171123886841,1
4208906,42,0.5070075345129641,1
5002308,50,0.5068559507479973,1
2201101,22,0.5067971257172785,1
2919058,29,0.5067823242933007,1
4320503,43,0.5067393713554627,1
2207801,22,0.5067003355438543,1
1302405,13,0.5065308592772394,1
2104404,21,0.5056724273362094,1
3506102,35,0.5055991739528725,1
1200351,12,0.5051963985112072,1
2607505,26,0.5050400900405947,1
2413557,24,0.5047420856093717,1
5000906,50,0.504134018338031,1
4123303,41,0.5040772920216963,1
1705508,17,0.5036244487112106,1
2931806,29,0.5033549153931046,1
2610400,26,0.5032878410446252,1
2918357,29,0.5025348739245119,1
2512705,25,0.5023978318451636,1
3133600,31,0.5021340651749938,1
2918209,29,0.5019716624254977,1
3550407,35,0.501799259282663,1
3519709,35,0.5014639379517267,1
3522000,35,0.5013008961379696,1
4217204,42,0.5010064864099807,1
4218103,42,0.5007967094366611,1
4108601,41,0.5005303682468972,1
4113304,41,0.5001526110739167,1
3502903,35,0.4999092132053327,0
3104809,31,0.4997326395036341,0
3144300,31,0.49941870679645156,0
4201703,42,0.4993583105670881,0
4114104,41,0.4991228208709419,0
2708501,27,0.49908011141335124,0
2609154,26,0.49881969769215395,0
5104500,51,0.49877836493838956,0
4303509,43,0.4987249421207765,0
3302908,33,0.49872492074558156,0
4306809,43,0.4986552261636376,0
2930006,29,0.4985569292660754,0
3504008,35,0.49801406261769243,0
5105622,51,0.49791801965282695,0
2102374,21,0.4979121904872075,0
3157906,31,0.4977314746010152,0
3548500,35,0.4976541969138119,0
2111805,21,0.4975258775627768,0
5108501,51,0.49724242991460377,0
4104428,41,0.49722695634773295,0
3160306,31,0.4970351505046403,0
5002209,50,0.49700654902762187,0
4309902,43,0.49674022716833427,0
2502151,25,0.4966413703034024,0
3539301,35,0.4964908895692717,0
3534203,35,0.49644338602764965,0
1100080,11,0.4963334505196429,0
3546306,35,0.4963199747955444,0
3502507,35,0.4959786126594407,0
4307203,43,0.49581065172564576,0
3105400,31,0.495461006019486,0
1200302,12,0.49537788659153387,0
4322251,43,0.4952615545710287,0
2203271,22,0.4952349376481358,0
3525508,35,0.4951158802276994,0
2208007,22,0.4949746414033287,0
5100508,51,0.49450891381599743,0
4104709,41,0.49419484475152503,0
2513927,25,0.49340124980889305,0
2111102,21,0.49329630817029946,0
2100154,21,0.49302066143554363,0
4101804,41,0.493014080800636,0
5100409,51,0.49295808331961394,0
2101905,21,0.49294540692508887,0
3157104,31,0.49246817847934554,0
3304110,33,0.4920340844981642,0
4126678,41,0.4919910052273385,0
2512606,25,0.49181382227410353,0
1100346,11,0.4918086594907657,0
2203750,22,0.49178968508643134,0
3522505,35,0.49172750735272663,0
4318481,43,0.4916379490020584,0
3505351,35,0.49152912219603817,0
2604106,26,0.49149540252284185,0
3201308,32,0.49145185273612985,0
3509007,35,0.49137286477173925,0
5107198,51,0.4912664028882442,0
3302106,33,0.4911670319278432,0
3172202,31,0.4910864977518616,0
4321436,43,0.4910567999537763,0
5104104,51,0.49103646409715335,0
3554003,35,0.49071419859993753,0
3507456,35,0.49070434875507146,0
3137106,31,0.4895909859666908,0
2407401,24,0.4895752312950984,0
2601052,26,0.48954023634800514,0
1100262,11,0.48921247169306686,0
2709152,27,0.48920957014942895,0
3544004,35,0.4886703002227014,0
4119301,41,0.4884699789845867,0
5220454,52,0.48836320085142804,0
4306056,43,0.48835002082169726,0
3535507,35,0.4883431316676414,0
4109609,41,0.4882931043315552,0
3103405,31,0.48799249679730977,0
2403202,24,0.487934373996368,0
3124104,31,0.4878675353215198,0
2206100,22,0.4878592564424158,0
5212956,52,0.4874245926216916,0
4206306,42,0.4872511060551448,0
3504305,35,0.48725080615228566,0
2508000,25,0.48694467141524306,0
4313086,43,0.4866309557213254,0
3551108,35,0.48651420406480794,0
3300951,33,0.48622466404031417,0
1506187,15,0.48622195730466883,0
5221858,52,0.48599997518406407,0
3512001,35,0.4854326291770518,0
2513604,25,0.48533985970230725,0
3512209,35,0.48507815808299587,0
2919959,29,0.4839457165746581,0
2102101,21,0.48320007954292926,0
2104057,21,0.482687801143897,0
3530805,35,0.48186917566993775,0
4120408,41,0.48185411319691634,0
2109403,21,0.4817915501661245,0
5107958,51,0.4817806315983587,0
3515194,35,0.4816754887148836,0
3500758,35,0.48162763987651375,0
4319737,43,0.48139121581987965,0
3202207,32,0.4812114042671785,0
4308607,43,0.4807021591618864,0
3552205,35,0.48053497377806875,0
3102407,31,0.4805162103711149,0
5102850,51,0.4804362542709163,0
2101301,21,0.48033551276045383,0
4103040,41,0.48029230839815346,0
1703867,17,0.48006191642057666,0
3301504,33,0.4798955047883869,0
4312203,43,0.47988412115427115,0
2203503,22,0.4798288783848011,0
4312427,43,0.4797866352754379,0
3506003,35,0.47947152497505935,0
4310207,43,0.4793114416403775,0
3534302,35,0.47923697266588094,0
5108402,51,0.47910773082681285,0
3120300,31,0.4790457039010768,0
4310306,43,0.4778773324322249,0
3121209,31,0.4778464057232641,0
4128625,41,0.47773233895971107,0
3523503,35,0.4777151489197177,0
3509700,35,0.47761028204216455,0
2400703,24,0.47752287493371404,0
4300059,43,0.47748283167452416,0
4201000,42,0.47743077832144276,0
3503109,35,0.4773425379160715,0
1100023,11,0.47730893914930356,0
2512002,25,0.4771376600596227,0
3509403,35,0.4766107384560053,0
4113700,41,0.4764816126787511,0
4210001,42,0.47613491166121535,0
2400604,24,0.47577335651787195,0
1302702,13,0.47567322334163187,0
4217105,42,0.47540253947429484,0
1712454,17,0.47527327300377864,0
2404002,24,0.47510942929105326,0
4202099,42,0.47504307399275736,0
4319752,43,0.4750100735923682,0
4117503,41,0.4748641393468584,0
1505700,15,0.4748559092023069,0
2608206,26,0.47476695670485963,0
4312658,43,0.4747626083739795,0
3144201,31,0.47475776680472903,0
4202081,42,0.47454081609727305,0
4315149,43,0.47452395225067456,0
2708600,27,0.47423788506978776,0
2613107,26,0.4738164135091012,0
5003751,50,0.47372544180559184,0
2807303,28,0.4736918360457423,0
3301876,33,0.4735011254562183,0
2932507,29,0.4733959236879453,0
4218400,42,0.47330338732723765,0
4308409,43,0.4732043430674397,0
3170438,31,0.47282580386373907,0
4105102,41,0.4726023096753795,0
4307906,43,0.4723662949969191,0
3300506,33,0.4723506014489891,0
1300060,13,0.4718278002938028,0
2512077,25,0.47155454337242536,0
3505500,35,0.4714867075977618,0
2926707,29,0.47121190325552126,0
2206803,22,0.47120421124942846,0
1600212,16,0.47094408979190405,0
5104609,51,0.4707035298597296,0
1702406,17,0.47053837885735345,0
3515103,35,0.4703460429195679,0
3510500,35,0.4702774834080978,0
5006309,50,0.46998217644080187,0
3114550,31,0.46981219647081296,0
4316600,43,0.4697434631548443,0
2702702,27,0.469312172780566,0
2900306,29,0.4690338001414294,0
3155504,31,0.46880244321069847,0
1706100,17,0.46874925876831625,0
4206108,42,0.46872725165530843,0
2403004,24,0.468578823897218,0
4100806,41,0.46857020505514885,0
2615003,26,0.468240080057055,0
4307559,43,0.4681288553300791,0
3151602,31,0.4679841631725316,0
2111573,21,0.46783092114065816,0
3536109,35,0.4677303505349823,0
3164308,31,0.46770953341430094,0
3534708,35,0.46747914831323983,0
4201406,42,0.4672411596833788,0
2928901,29,0.46722552993462196,0
4321808,43,0.46703665546105594,0
3140209,31,0.46671423828655934,0
4315156,43,0.46666633898367776,0
3502200,35,0.4666602011941374,0
3165578,31,0.4663235230116212,0
3525300,35,0.46622978036170387,0
4320909,43,0.46610280566463635,0
1707553,17,0.4660182332445222,0
4122206,41,0.4660121052710611,0
3205002,32,0.4658260353455221,0
3148608,31,0.46576588208560976,0
2515104,25,0.4656616566398753,0
3157708,31,0.46562168416312266,0
2901502,29,0.46561359549946585,0
4316105,43,0.46559221421091057,0
5104807,51,0.46458362252564983,0
2111003,21,0.46457894320357745,0
3507506,35,0.46447552137547193,0
1600600,16,0.46442998755145826,0
4128302,41,0.4642604624181293,0
5209200,52,0.4641437499576716,0
3552700,35,0.4640805222613625,0
2102408,21,0.46390628176128534,0
3109402,31,0.4639013566571237,0
3166105,31,0.4632712200537693,0
3500907,35,0.4631113035717597,0
4205308,42,0.4627262838485159,0
2616001,26,0.46261115275181064,0
3513405,35,0.46239083128731007,0
4302378,43,0.462350620074873,0
2607802,26,0.4622177282118758,0
3556602,35,0.46214534202364405,0
5105903,51,0.4619490143763671,0
4306452,43,0.4616235866721687,0
1100122,11,0.4615293846330591,0
2203909,22,0.46147612261115345,0
2921807,29,0.46142376011696534,0
4107306,41,0.4613863622932434,0
3511300,35,0.46137977669709684,0
3146305,31,0.46122179408876846,0
3302205,33,0.4611593848226083,0
3156601,31,0.4611214543662172,0
4118857,41,0.4610979604281065,0
4207502,42,0.46101904493585527,0
2202778,22,0.460941014608415,0
4320578,43,0.46038157821289,0
3113701,31,0.46034150065815094,0
4313300,43,0.46030652557653423,0
1508126,15,0.4600606140421022,0
4321667,43,0.4600457544382831,0
2601607,26,0.45992411409421136,0
4317608,43,0.4597987802799491,0
3135803,31,0.4597479018350837,0
4311643,43,0.4596033359952887,0
3118601,31,0.4593937983650523,0
4204905,42,0.4592784770945994,0
2505352,25,0.45919872956329927,0
2414100,24,0.4591590850758314,0
1100924,11,0.4590334045674183,0
4108304,41,0.45901178929975595,0
3523305,35,0.45897724280143665,0
4301800,43,0.4586079727966837,0
1713304,17,0.4585933399830142,0
3527702,35,0.4583537243962857,0
5001102,50,0.45834871333387084,0
2928950,29,0.4582309154558116,0
2405702,24,0.45806055306860094,0
3542909,35,0.4579461052199904,0
3134004,31,0.4578595563724181,0
3514908,35,0.45771862025961285,0
4211009,42,0.4576335213302845,0
2400505,24,0.4574722597513083,0
2706406,27,0.4573039093297032,0
5214002,52,0.4572073062323219,0
3541653,35,0.4572061312380327,0
4120200,41,0.4570846061807724,0
5003108,50,0.45708393872803993,0
3156007,31,0.45688710588597764,0
3540002,35,0.4566149211740592,0
3514106,35,0.45651016490597135,0
2201804,22,0.45635769795056386,0
4307831,43,0.45594590316273165,0
5201801,52,0.4558167445692973,0
2111078,21,0.455439705563081,0
1508357,15,0.4552841641380132,0
4107702,41,0.45504717120222415,0
2933455,29,0.45500721795999094,0
3201100,32,0.454630833103398,0
3522208,35,0.4544486339935009,0
3117405,31,0.45443537100092934,0
3124203,31,0.4538875515206851,0
1710904,17,0.45370470615915104,0
3136009,31,0.4536828286127219,0
4201901,42,0.4533987579422964,0
1101492,11,0.4532915610784856,0
3532405,35,0.4531511833131407,0
2510006,25,0.452977746945192,0
4123402,41,0.4527925626891917,0
5103700,51,0.45270745612488655,0
3136405,31,0.4526212436423322,0
3503802,35,0.45235276415507547,0
2600609,26,0.4521064350061939,0
1200500,12,0.45209804136217036,0
3167608,31,0.4520713839673134,0
5107941,51,0.45199086269283895,0
1101401,11,0.45197427104957183,0
2516904,25,0.451969415312387,0
5203302,52,0.4515489723618361,0
3524600,35,0.45152975177279764,0
4319307,43,0.45078397672995363,0
3517406,35,0.45074503821066714,0
2929750,29,0.45073635156372077,0
3100906,31,0.45047259916893106,0
2701902,27,0.4504375467795569,0
3138609,31,0.4499506270047039,0
2603207,26,0.4493278780856409,0
3138401,31,0.4492529034077632,0
2916500,29,0.44918464001880704,0
4114401,41,0.44884504441319834,0
2500502,25,0.4488293924479041,0
3509502,35,0.4486597709662096,0
1502772,15,0.4484103799755976,0
4101200,41,0.4483868149731851,0
3554953,35,0.44825456743559977,0
3129806,31,0.4481628539774611,0
4313904,43,0.4481462468236262,0
1503044,15,0.448090104427705,0
4109807,41,0.4479735674857805,0
4311155,43,0.4475541823013197,0
4216404,42,0.44743292528785694,0
2111409,21,0.44728704872704955,0
3303856,33,0.44696690636024056,0
2400901,24,0.44686391220911187,0
4215000,42,0.4467577425860496,0
4311239,43,0.44675284401618953,0
4108809,41,0.4465651775023294,0
1501501,15,0.44641700778546173,0
4100608,41,0.4463762261000388,0
3126901,31,0.4462613156585792,0
2202208,22,0.4461078353354023,0
2515401,25,0.44580904031904517,0
5105101,51,0.44575548762919587,0
2803005,28,0.44562622759676923,0
4319109,43,0.44559677286937965,0
3127701,31,0.4452619015986975,0
4308201,43,0.44518705811339204,0
2207959,22,0.44463646754829755,0
5001003,50,0.44446211040518957,0
3118205,31,0.44437308136754816,0
2703403,27,0.4437237489932556,0
5007703,50,0.4434225148245718,0
4312252,43,0.4431105488888928,0
2112902,21,0.44309249312606935,0
4102901,41,0.4430479281010458,0
2911303,29,0.4430467005715644,0
3547304,35,0.44297898939715796,0
2601904,26,0.44296656909992876,0
2105427,21,0.44296285825488063,0
3151107,31,0.4420218926069165,0
5003504,50,0.4418747130247717,0
3555505,35,0.4411782064607289,0
3518404,35,0.44106581262985517,0
4214706,42,0.44089873386268563,0
1704105,17,0.4407341137682034,0
5207907,52,0.44069035237077936,0
3545605,35,0.440563545781153,0
2207553,22,0.44043657814698,0
3301603,33,0.4399920316902245,0
3171501,31,0.43952599976612006,0
5003157,50,0.4394386672388793,0
4127601,41,0.43938123029450876,0
2604304,26,0.4393710368485015,0
1101302,11,0.43935143457611514,0
2108702,21,0.4393263700536843,0
3113800,31,0.4392666881022355,0
3529401,35,0.43917775152453686,0
3510807,35,0.43912814396833,0
4303707,43,0.43905044500768625,0
4305447,43,0.43896352828761454,0
4100202,41,0.43894559289733687,0
4313375,43,0.43883480072166575,0
4317400,43,0.43876337709769064,0
2111763,21,0.4381986083134875,0
2514503,25,0.43812839422469957,0
4101101,41,0.4381199037086331,0
3556354,35,0.4377310281642803,0
4206900,42,0.43757038269830667,0
4118006,41,0.4375638394823453,0
3541059,35,0.4372008954370668,0
3115201,31,0.4369458695070431,0
2924702,29,0.43684912177822527,0
4110607,41,0.4367101630466897,0
2105005,21,0.436662147929711,0
4207700,42,0.4365590058834859,0
1303007,13,0.4363715276754719,0
2206720,22,0.43636171734612383,0
1100254,11,0.4361946550585876,0
4109401,41,0.435976635375632,0
5006903,50,0.43590330509655495,0
3106200,31,0.43587648596030165,0
4313201,43,0.43571899482784643,0
2111250,21,0.4357172261330788,0
4203956,42,0.4354514493492357,0
4208203,42,0.43539286739849387,0
2602100,26,0.4353508890311951,0
3101805,31,0.4352554762082447,0
2513406,25,0.43510404303179073,0
4125902,41,0.4349863693416232,0
1711506,17,0.43462678941124766,0
2702207,27,0.43462315159179365,0
4218806,42,0.43437831352230066,0
3524907,35,0.43420482086007217,0
2917607,29,0.4341074638638931,0
3304201,33,0.43354750193785385,0
3113008,31,0.43351995032375656,0
2107902,21,0.4334905213549734,0
5106240,51,0.4333332287644381,0
3555000,35,0.43283533489004755,0
3526407,35,0.4325659592147821,0
5103858,51,0.4325148367824647,0
5104526,51,0.4324229481551395,0
2603009,26,0.432190989867357,0
1707009,17,0.4320869952980018,0
4218855,42,0.4319842517164305,0
4322327,43,0.4318312864552031,0
4205704,42,0.43179210447449295,0
4118501,41,0.43175315535558684,0
2604502,26,0.43159910964113046,0
4211504,42,0.4312135750332278,0
1101500,11,0.4312116839529627,0
2209377,22,0.43097711349852863,0
2502904,25,0.4309624826853566,0
1715259,17,0.4308697483820961,0
2108405,21,0.4308207883191555,0
3135456,31,0.43081551293711656,0
4103206,41,0.430597166647215,0
4312807,43,0.4303147571288068,0
5103908,51,0.4302829057403598,0
3540804,35,0.43026347154590827,0
3303005,33,0.4296899533765766,0
3141108,31,0.4295535611162842,0
2616209,26,0.4295454914251645,0
4216305,42,0.42934233808054867,0
2401503,24,0.4291115967513743,0
3519907,35,0.4290126388689605,0
4315909,43,0.4287941992540535,0
2515971,25,0.42841912617227396,0
2505907,25,0.42834834496043717,0
3139805,31,0.42833659723618606,0
4104006,41,0.42829479041434854,0
2608404,26,0.4281895604688771,0
3106903,31,0.4277426071265357,0
3538600,35,0.4274122948444829,0
1707207,17,0.42738727094830453,0
5106315,51,0.4273534428404328,0
3123601,31,0.42716198746889456,0
5005103,50,0.4270542732533383,0
2503555,25,0.42670856433425824,0
3549201,35,0.4265831334026067,0
4204301,42,0.4265343882771052,0
5107701,51,0.4265294386308307,0
3157807,31,0.4264962132030276,0
4309001,43,0.42633124081807805,0
5007695,50,0.42616404490945997,0
3156452,31,0.42604352716596566,0
3536208,35,0.425925109664841,0
1504109,15,0.4258011283279223,0
4308508,43,0.4256114974433679,0
3513801,35,0.42558472302090994,0
1100304,11,0.4253980854396672,0
3123700,31,0.42530773990956483,0
3304557,33,0.4252374346996066,0
3142908,31,0.425174601216866,0
3158508,31,0.42473516357010416,0
3555307,35,0.4243604207943247,0
2708956,27,0.4242648603221882,0
4314605,43,0.4241953512977897,0
5205497,52,0.4241451912041481,0
5006606,50,0.42403892796511283,0
4115606,41,0.4237461139389463,0
4204194,42,0.42356728086703116,0
4128203,41,0.4232595819291313,0
3535606,35,0.4231449863969718,0
4204350,42,0.4231122140648766,0
2803302,28,0.42305052269801313,0
4104204,41,0.4227899450889841,0
3129202,31,0.4223773244207392,0
5007307,50,0.4223035516277336,0
4122156,41,0.4220011746083988,0
3139250,31,0.4218594466241417,0
4214102,42,0.4216984891717414,0
5107602,51,0.4214318545653328,0
4213807,42,0.4208261453102973,0
4125001,41,0.420778374057422,0
4112900,41,0.4206363321927918,0
3136801,31,0.4205419083476854,0
5008008,50,0.41982306707095673,0
3516705,35,0.4197882892788535,0
1100049,11,0.41974709096108465,0
1721109,17,0.41953413726718863,0
4217600,42,0.4194047993934524,0
4321857,43,0.41927914471888844,0
3120839,31,0.4192346361628948,0
4313425,43,0.41923453972915015,0
2701209,27,0.4191625691912513,0
4213500,42,0.41914379628854553,0
4120655,41,0.4186224526267023,0
5213806,52,0.4183486502836768,0
3530409,35,0.4182173212800664,0
3150307,31,0.4180941035303293,0
4212908,42,0.4180585409790296,0
3525805,35,0.4179333834365862,0
4118907,41,0.4176008123320818,0
3504602,35,0.41753790496948673,0
3170404,31,0.41751867708212714,0
4314423,43,0.41742203542434114,0
3556701,35,0.417336032772306,0
4122404,41,0.41722916529800935,0
5205521,52,0.4169616417187822,0
1707108,17,0.41692489563577695,0
2904803,29,0.41667383254268076,0
4111506,41,0.41664957768038585,0
3161106,31,0.4164662139936011,0
3117836,31,0.4163394744459988,0
3155900,31,0.4163231710093263,0
4201802,42,0.41626139454484495,0
5208707,52,0.4161982965582732,0
3541109,35,0.41616421436754053,0
5208004,52,0.4159409316015715,0
4216909,42,0.4158246500776432,0
3141702,31,0.41579501350667597,0
2102556,21,0.415672111059475,0
3520905,35,0.41551911383349943,0
3127305,31,0.41544162940366486,0
4213609,42,0.41479897275273814,0
3142007,31,0.4145273787807872,0
2404408,24,0.41436688121510773,0
3524303,35,0.41389525555920426,0
3168606,31,0.4138859474626544,0
4210308,42,0.4138392696421929,0
1100940,11,0.4137973530226353,0
4212403,42,0.4137797230345916,0
3200508,32,0.41360708041000477,0
4310405,43,0.41337346620885085,0
4218608,42,0.41326293315878726,0
3151206,31,0.41323398111812504,0
4101606,41,0.4131447745096371,0
3537008,35,0.41262401204604954,0
2505105,25,0.41241983886969424,0
4214151,42,0.41216591345353104,0
3143203,31,0.41200905618777955,0
4109104,41,0.4120076705683653,0
4206702,42,0.41189530927693246,0
5106000,51,0.4118581802971054,0
3162948,31,0.41178122514181265,0
3543808,35,0.4117643108962217,0
3502408,35,0.41117543966007514,0
4205001,42,0.41088874763037186,0
2504033,25,0.4107275271116062,0
2109205,21,0.4104081068234025,0
3141405,31,0.41009404509920944,0
2613206,26,0.4098813405142832,0
4210100,42,0.409738424331428,0
3140308,31,0.40959243634228343,0
3106309,31,0.4095758556980009,0
2506301,25,0.4095329695480104,0
3548609,35,0.4094653023651619,0
4314159,43,0.4093894868122208,0
3541406,35,0.4093652766177442,0
2501500,25,0.40916108667793816,0
2806701,28,0.4089849992262529,0
2604007,26,0.4088689638068096,0
2106102,21,0.40869042684509704,0
3542701,35,0.40866200581174533,0
2107605,21,0.4085595733357404,0
4209458,42,0.40839013536581054,0
3172103,31,0.40800432418073634,0
4120804,41,0.4078328905476953,0
3121308,31,0.4074713665622173,0
4314027,43,0.40735173457564755,0
4321907,43,0.4072164317076558,0
5108907,51,0.40706937737062987,0
2707008,27,0.4068956263731831,0
3527009,35,0.40662227992164635,0
3171006,31,0.4065253846238771,0
3113404,31,0.40642967886182313,0
4112306,41,0.4063989739432074,0
3551900,35,0.4063185480940909,0
4312625,43,0.40623233485482213,0
2508109,25,0.4062202526347733,0
1100155,11,0.40610415222980994,0
3552403,35,0.40591239284242214,0
3137809,31,0.4057859609911079,0
3300605,33,0.4057158647908004,0
5002951,50,0.40561704354660655,0
3171709,31,0.40551341153548826,0
3109303,31,0.4053907757658346,0
3503901,35,0.40535119296141264,0
3157203,31,0.405159634866069,0
3129509,31,0.4051381009249043,0
2210409,22,0.4049947152204809,0
5004304,50,0.40478072190228276,0
2609501,26,0.40441550191442394,0
3125101,31,0.40411977989019016,0
3119005,31,0.40400344572185515,0
5102637,51,0.4038422463815523,0
2111904,21,0.40382730973085196,0
2614006,26,0.40361234899536613,0
3110004,31,0.40360287088541574,0
2106805,21,0.4035797907899908,0
4309100,43,0.4033767252301465,0
4105607,41,0.40303250281941594,0
4103479,41,0.4027395381459508,0
2916856,29,0.4024509036131645,0
4211751,42,0.4019517400688028,0
3546603,35,0.4018441342109716,0
3100708,31,0.4017683070855886,0
2112308,21,0.4016155390603747,0
4306403,43,0.4014381875482284,0
4302402,43,0.4011113390635669,0
3523909,35,0.40090154583402676,0
2931053,29,0.4008537048053045,0
3169505,31,0.4008251855910098,0
5214903,52,0.4007972202899079,0
3505104,35,0.40071021630113574,0
3204807,32,0.40070683407075175,0
2614105,26,0.4004057534144379,0
5102678,51,0.4002550216567099,0
3115508,31,0.3999785024383312,0
5108055,51,0.3998335830554605,0
5101308,51,0.3998295464387918,0
2103703,21,0.399754041884981,0
2403756,24,0.39964769857705607,0
1101708,11,0.39959488912183616,0
3508207,35,0.3994266564634763,0
4218509,42,0.39932421028735354,0
2112407,21,0.3992347946439746,0
3528007,35,0.39867273156891353,0
2603702,26,0.3985664883896779,0
2500106,25,0.39839222015813525,0
2600906,26,0.3983061574253324,0
3535309,35,0.3982476923479757,0
4311700,43,0.39807765531646533,0
1701051,17,0.3980728962890444,0
4112959,41,0.39807137780152246,0
3152006,31,0.39799877420315816,0
3552106,35,0.39798477387943315,0
4320552,43,0.39794854770011995,0
4321832,43,0.39792322380949724,0
3508801,35,0.39789571262677964,0
4312955,43,0.3976533801627593,0
4117800,41,0.3975799762473102,0
4200507,42,0.3975116500166993,0
3509254,35,0.3974257067484323,0
2601409,26,0.3973279850635459,0
3520301,35,0.3972058529406679,0
2205854,22,0.3969492004822087,0
5101407,51,0.3969367217125086,0
4205191,42,0.3969308116939549,0
2208874,22,0.3969219425072318,0
3526506,35,0.3967830175771333,0
2914109,29,0.3965841789433474,0
2602803,26,0.3964177213002364,0
4101507,41,0.39629633843554224,0
5200050,52,0.39629255966675503,0
4128401,41,0.39602984512991724,0
4211207,42,0.3959893630826581,0
3540507,35,0.39588713631603334,0
5102686,51,0.3958524986872816,0
2613008,26,0.39582769439903476,0
4300109,43,0.39575075647501323,0
4107157,41,0.3955062265557151,0
2104552,21,0.3951022676949222,0
4114807,41,0.39497650432686415,0
1720259,17,0.39484536492746014,0
1100015,11,0.3944123056905018,0
2600500,26,0.3935918646290187,0
4314704,43,0.39331752297132455,0
3513603,35,0.3931021414992712,0
1705557,17,0.393069476118981,0
4312906,43,0.3930550991879371,0
1507755,15,0.39294701814143657,0
5208400,52,0.39288384680940974,0
4113007,41,0.3926918030242424,0
4309704,43,0.3926762189296028,0
2211506,22,0.3926424795524936,0
3516002,35,0.3922285166084369,0
2208403,22,0.3921644613238435,0
2107357,21,0.3921467371343956,0
2919405,29,0.3920467563601288,0
4301008,43,0.3919992842483854,0
2110237,21,0.39194515222239706,0
3548906,35,0.39191348187502867,0
1101435,11,0.3918646078973504,0
3142106,31,0.39179127127410185,0
3167707,31,0.3917552320966828,0
3508405,35,0.3914487829532215,0
2606705,26,0.3912463828062201,0
1100098,11,0.3911184007943009,0
3305158,33,0.39068613862742024,0
3139607,31,0.3901929187063899,0
3544103,35,0.3895960991053516,0
1707306,17,0.3895875536939782,0
4113759,41,0.38912774196500904,0
3128808,31,0.3890266614685038,0
2102036,21,0.3890088567358052,0
4109302,41,0.3886902688205697,0
4217402,42,0.388647484823408,0
4314308,43,0.3884997002009363,0
4104808,41,0.3884556440447088,0
4300802,43,0.38793379682448365,0
3546702,35,0.38789003328697036,0
4205902,42,0.38680104831937023,0
1716505,17,0.3867190036040828,0
4304309,43,0.386575195294566,0
3103504,31,0.38646312553874324,0
3538105,35,0.3862278714041274,0
3134103,31,0.3861140338675928,0
3531308,35,0.38602795370130666,0
4212056,42,0.38601311330206456,0
4121109,41,0.38561852530600904,0
4315107,43,0.38556197488416505,0
4308904,43,0.38555431970444787,0
3110905,31,0.3854360961362584,0
4316477,43,0.38527612080230594,0
4209177,42,0.3852756051153605,0
4119400,41,0.38520352028041255,0
2610004,26,0.3851612624368172,0
5201504,52,0.3850324396863006,0
4115309,41,0.3846005545436798,0
3125952,31,0.3845951534277371,0
3517505,35,0.38427784202162135,0
2804102,28,0.38424234413579567,0
4212106,42,0.3839262982178162,0
5217302,52,0.3837753792382132,0
2202059,22,0.3837149762927933,0
2111631,21,0.3834628890896572,0
3134400,31,0.3833365615556833,0
3152501,31,0.38278962095024643,0
4300703,43,0.382733801035804,0
5006358,50,0.38272251038257865,0
4123709,41,0.3827165607292145,0
3522307,35,0.3827061137151265,0
2211704,22,0.3820981569342583,0
3162906,31,0.38197283023255196,0
2209757,22,0.38195526312343536,0
1720309,17,0.3819275549729079,0
5007802,50,0.38190491232111046,0
5107305,51,0.3817090308559235,0
3506706,35,0.38166319799999004,0
1716109,17,0.3816048873746938,0
4205175,42,0.3812206247969686,0
2108207,21,0.38113990270794756,0
4128609,41,0.3810409502769879,0
5216403,52,0.3808698362837289,0
4210050,42,0.3807371907854207,0
4101002,41,0.3807302581315882,0
3147402,31,0.38035832655252966,0
3544301,35,0.38024778333618714,0
3300902,33,0.380147938059179,0
5107768,51,0.37994487910903535,0
3512803,35,0.37967943488191314,0
3122504,31,0.37961485972658987,0
3550100,35,0.37958615749457764,0
5214507,52,0.37913601482702086,0
3162807,31,0.37910838065911096,0
3130002,31,0.37896327636774135,0
3156700,31,0.37895865073136464,0
3167202,31,0.3789504149914451,0
2100055,21,0.3789313037384797,0
3549102,35,0.378875909181355,0
3523107,35,0.37885948645415324,0
4302451,43,0.3788112568155962,0
4311734,43,0.3782853202404274,0
2109908,21,0.3781355672619317,0
4103222,41,0.37803468129176815,0
4200309,42,0.3779841731007372,0
4303558,43,0.3779709733968286,0
3146701,31,0.3779027042489609,0
3145877,31,0.3779018056967406,0
3127206,31,0.3778608618204793,0
2615409,26,0.3777561146562235,0
3143708,31,0.377659803057781,0
4213005,42,0.37760584284646886,0
3127388,31,0.3775930928712048,0
4107009,41,0.37740480214556377,0
5213772,52,0.37737867105795786,0
5003454,50,0.37732612581435604,0
4310439,43,0.37725317189346647,0
3525607,35,0.37722557307982496,0
4217006,42,0.3771900412566086,0
3500303,35,0.3771232889923345,0
3144359,31,0.3770861168084443,0
3507159,35,0.3769489726437517,0
3203320,32,0.37684769215137454,0
4322806,43,0.37681929310940904,0
2508505,25,0.37646168214396014,0
2105401,21,0.3763687728099164,0
3205150,32,0.37615141428954796,0
5002803,50,0.3759611828646952,0
1721257,17,0.3758610831102796,0
4111001,41,0.37583945320939627,0
1101559,11,0.3758281103548462,0
4123857,41,0.3757254423281224,0
4322608,43,0.37561991697537356,0
3124401,31,0.3754835325076739,0
3120003,31,0.37526279762497594,0
3154903,31,0.37523519589961885,0
4217808,42,0.37513177584988233,0
3305901,33,0.3750898918426641,0
3536505,35,0.37485922001727146,0
1502939,15,0.37485682893181876,0
2500775,25,0.3748253680135593,0
3533403,35,0.3748159555650598,0
2104073,21,0.37465639773857806,0
3520509,35,0.37448733375584625,0
2600203,26,0.37419868394814665,0
2804458,28,0.37418006031142736,0
3517604,35,0.3738427678918558,0
2605806,26,0.37378400976348547,0
1718550,17,0.37357840316197216,0
2611200,26,0.37320495128532033,0
3538006,35,0.3729641403662891,0
3531209,35,0.37288935028556897,0
4310462,43,0.3727758074105653,0
3112109,31,0.3725963595777639,0
1507979,15,0.3725716638786292,0
4314001,43,0.3725319898800272,0
3547809,35,0.3723802162596116,0
2614857,26,0.3721652199424627,0
4115358,41,0.372110265739692,0
1101450,11,0.3719340899847731,0
4128559,41,0.3718534024978307,0
3305703,33,0.37182801877456845,0
4320206,43,0.3717058544859149,0
4204004,42,0.3715261081382955,0
2516805,25,0.3714226706090631,0
3306156,33,0.3713456605972167,0
5101803,51,0.37132916081887524,0
4110409,41,0.3712432233077416,0
4310009,43,0.3712198272763726,0
1702554,17,0.3710581332178074,0
4302006,43,0.37089491571836647,0
3550001,35,0.37081126059983954,0
4117057,41,0.37050996665500124,0
3131703,31,0.36977650468913187,0
3167103,31,0.36971777351557095,0
3115458,31,0.369566588276383,0
2210391,22,0.36948259485441987,0
3111606,31,0.3687320101029775,0
1100288,11,0.36843060341994305,0
4319372,43,0.3682463149483713,0
3117801,31,0.36821818662641204,0
3157252,31,0.368171217192384,0
4104600,41,0.3681312889018064,0
3138625,31,0.3677566852318059,0
4309605,43,0.3676927401991209,0
4105706,41,0.36761909789787217,0
3122405,31,0.36749230959930446,0
1101484,11,0.36724376624462535,0
3542404,35,0.36697122702097085,0
4104659,41,0.3668550776711044,0
3168101,31,0.3668399132790354,0
4320321,43,0.36675454165210297,0
3116100,31,0.3665069653369964,0
1100601,11,0.36638564678449737,0
2513968,25,0.3662135692078423,0
1100452,11,0.3661670826596505,0
3508702,35,0.3660011776540054,0
3553203,35,0.36583883374190757,0
2804706,28,0.3656302258559514,0
2111508,21,0.36553263525861457,0
2101608,21,0.36544687779059915,0
3556404,35,0.36519454099772,0
5201405,52,0.36491173671950583,0
3102803,31,0.3649010756801644,0
3549409,35,0.3648773812251136,0
2516201,25,0.36472634558989603,0
4311106,43,0.3645240646063875,0
2511608,25,0.3644673797198077,0
2600401,26,0.3637565618874744,0
2702355,27,0.3635836972799124,0
3140555,31,0.3633315480394197,0
2411809,24,0.36266013962897203,0
2613503,26,0.36254214180622457,0
3106101,31,0.36251732570107886,0
4208500,42,0.3624416867938589,0
2514107,25,0.3624175672198434,0
5103379,51,0.3623634141979021,0
2407252,24,0.3621956086132916,0
3111309,31,0.3621902721767789,0
3107901,31,0.36198200774554895,0
4202206,42,0.36187497726978857,0
4310504,43,0.3617251019706247,0
3556800,35,0.36163175288801785,0
2505279,25,0.3611074289115709,0
3507209,35,0.3608253326348094,0
4214201,42,0.36046782440992775,0
3548005,35,0.3604313356437351,0
5107180,51,0.3603751433573489,0
1703826,17,0.3602092864916499,0
2209401,22,0.36020798316123265,0
3542206,35,0.36015934533901944,0
4213203,42,0.3601341665877963,0
3539905,35,0.36003402124149725,0
4103503,41,0.35996801890655983,0
4205506,42,0.35965056120362304,0
5221304,52,0.35961397830909486,0
4112108,41,0.3588972609908337,0
4201257,42,0.3587238399232243,0
1705102,17,0.3587166655276369,0
4110078,41,0.3583726884586762,0
3531407,35,0.3578903352088583,0
2210938,22,0.3576895470528047,0
3152170,31,0.3575373773912581,0
4100707,41,0.3571561215974907,0
3553500,35,0.357109222874983,0
2703007,27,0.3570813584640959,0
3527801,35,0.35694004590987555,0
4117701,41,0.35687476953222036,0
2701357,27,0.35683072358160345,0
3529005,35,0.35654718453506584,0
1101104,11,0.3562124302727872,0
4212270,42,0.35620647826734303,0
2206209,22,0.3561205453932964,0
2113009,21,0.35608773835428575,0
3556909,35,0.3559793889815368,0
4201653,42,0.3559515811836169,0
3170305,31,0.35581936624801935,0
2202406,22,0.3557704493359638,0
4305132,43,0.3556506894921468,0
4219358,42,0.35550758359239015,0
3205200,32,0.3553688948739518,0
3507704,35,0.35534570039518093,0
5221080,52,0.35522907984844343,0
5219803,52,0.35517342429950366,0
4202453,42,0.355002884338957,0
4304804,43,0.35486633717729155,0
3166402,31,0.3547038994761818,0
2512762,25,0.3542156399755998,0
3112059,31,0.3541570478367693,0
1720150,17,0.3540546656349078,0
3511706,35,0.35402152836576595,0
4118303,41,0.3540088225219356,0
3502002,35,0.3539465986123852,0
4122172,41,0.35388677835548205,0
3144375,31,0.35366024393566103,0
2108009,21,0.35348730605571343,0
3534609,35,0.35307519526080183,0
3169802,31,0.3530710576405389,0
4126108,41,0.35272300653083144,0
2410603,24,0.3524493917210656,0
2609600,26,0.3522711827878462,0
3537503,35,0.3522661215948883,0
3137601,31,0.3521930300974781,0
1100114,11,0.35185018281916847,0
2611507,26,0.35141221433602565,0
3165404,31,0.3512960757866802,0
5212105,52,0.3512786609262746,0
2601003,26,0.35112659117756806,0
3542602,35,0.35096927815240214,0
3545159,35,0.3507267290027754,0
2410207,24,0.3506960379293201,0
3134202,31,0.35065761535084894,0
2606804,26,0.3505485925764376,0
4212700,42,0.3505064383728325,0
3525706,35,0.350343513941415,0
5215603,52,0.3500752637939302,0
4103404,41,0.3500617074614927,0
3159803,31,0.3490855927307497,0
3130507,31,0.3490849216831246,0
3102506,31,0.34900962012712594,0
1101005,11,0.34888258337272915,0
4305871,43,0.3488478438981511,0
3515350,35,0.3487447969664956,0
3168507,31,0.3486559179940314,0
2102309,21,0.34844728552966203,0
4107108,41,0.34824715151235913,0
2105658,21,0.34817833772637385,0
4202701,42,0.3481207460633155,0
2603108,26,0.34801583088922416,0
4219408,42,0.34798754247508484,0
3140001,31,0.3478851907546296,0
4206009,42,0.3477054642433983,0
3203205,32,0.34763359954999573,0
3548807,35,0.34734802464558456,0
3136652,31,0.3472629051780781,0
3526902,35,0.34638544255174547,0
4116604,41,0.34629602586488245,0
4115507,41,0.34589032368276984,0
4110300,41,0.34583504701503015,0
2200277,22,0.34580599765777686,0
3521408,35,0.34563422919256576,0
3116159,31,0.34542719340089306,0
3122454,31,0.34537228341137677,0
4201604,42,0.3451473739383872,0
1502509,15,0.3447933911154628,0
2611606,26,0.3445143012041927,0
3114402,31,0.3444613113421229,0
3152105,31,0.3444083464558111,0
3166808,31,0.34440098877956343,0
2610608,26,0.3443141093942573,0
3137304,31,0.34425682260563184,0
1100502,11,0.3441671532477455,0
2700805,27,0.3438999937660363,0
3505906,35,0.3438824708786968,0
3515509,35,0.34385595565859245,0
5207808,52,0.3438389282617715,0
5212709,52,0.34356591993058216,0
1720002,17,0.34334525189457477,0
4316956,43,0.3432301931401392,0
2616308,26,0.3431601968408441,0
5101258,51,0.3430209875689592,0
4323358,43,0.3421224501218563,0
4304507,43,0.3420626371228414,0
3519402,35,0.34180902602424085,0
2108306,21,0.34178190355793603,0
4300455,43,0.3417615277589972,0
3129657,31,0.34158093674097834,0
4127908,41,0.34144263144371245,0
4321402,43,0.3411926688551626,0
3300159,33,0.34117387338226135,0
2615805,26,0.34115861202518916,0
3141504,31,0.3411530252432094,0
4210852,42,0.3409588509906221,0
3147006,31,0.3408851346726122,0
4321477,43,0.34088443071954116,0
3108206,31,0.34066630037707013,0
2501575,25,0.34045681135943384,0
4323309,43,0.34045371541212044,0
2209302,22,0.3403884187069548,0
4309803,43,0.34038712310283353,0
3154804,31,0.3400103522152369,0
3547403,35,0.3399459836072396,0
4306007,43,0.3397326057322251,0
5207402,52,0.33940661946334333,0
5217203,52,0.33938659882008365,0
4118600,41,0.33921033062705697,0
4108957,41,0.3391912158782084,0
2515203,25,0.33917994503001336,0
3128709,31,0.33917014004708856,0
4319356,43,0.33913944541325297,0
3532207,35,0.3387343628081804,0
5000609,50,0.3386609901322625,0
3162401,31,0.3385509139618387,0
4316303,43,0.33836235818080085,0
1100056,11,0.3381364050406813,0
3509304,35,0.33809538752197943,0
4307054,43,0.3380925479891379,0
3168804,31,0.3379129650126466,0
3147204,31,0.33780918658619224,0
3102902,31,0.3374915009955135,0
4215802,42,0.3374474007913958,0
3108800,31,0.3374111500491537,0
4310751,43,0.33736227537536734,0
3133709,31,0.3372253656018562,0
2206050,22,0.33717272692297034,0
5204508,52,0.3370514673442127,0
2611705,26,0.3370087451388202,0
3304706,33,0.3369753404409433,0
2100204,21,0.33696068306076193,0
4124053,41,0.33685341450420764,0
2912004,29,0.3367691236161572,0
4102604,41,0.3366413503711069,0
4302204,43,0.33649453625639086,0
3170701,31,0.3364649457594227,0
2702504,27,0.336358593353842,0
3546801,35,0.3359382674884123,0
4113429,41,0.3356550385698714,0
4206603,42,0.3356121916429845,0
1101203,11,0.3355176289708696,0
4310363,43,0.335355628782784,0
4316428,43,0.3353551000139137,0
2610905,26,0.33531452303954135,0
4214904,42,0.33513266356139826,0
4318499,43,0.33507865437596224,0
2707602,27,0.3350604757917909,0
4215307,42,0.3349944943965381,0
3151800,31,0.3349259567694978,0
4208302,42,0.3348183507587365,0
3500402,35,0.3343894440870707,0
5200605,52,0.33436739615498917,0
3201605,32,0.33435206269857654,0
4205605,42,0.33427161670799527,0
3505005,35,0.3340551864542963,0
4219002,42,0.3339927110563879,0
5106232,51,0.33396400940733356,0
5106752,51,0.33394977686341115,0
3500709,35,0.33384447169557274,0
1300102,13,0.33377802934781214,0
3156502,31,0.3337420368866126,0
3537909,35,0.3336032043435891,0
3545001,35,0.33358415839772604,0
1700350,17,0.33356900115065546,0
3523800,35,0.33354220564607723,0
3142700,31,0.3335249645433006,0
4128633,41,0.3335104169082207,0
1100320,11,0.33322688072521706,0
3143609,31,0.3330091125391088,0
3501608,35,0.3329476192305312,0
4106407,41,0.33288137312508426,0
2918704,29,0.33281923530288227,0
2606002,26,0.3328071396540851,0
3152402,31,0.33266627833141255,0
2701605,27,0.3323134696892592,0
2505808,25,0.33228028740969695,0
3509908,35,0.33227907739980544,0
1100064,11,0.33226630918273115,0
3543253,35,0.3322275463417692,0
3171808,31,0.33222096900235343,0
3501905,35,0.33209410642608694,0
1721307,17,0.33189963774280745,0
3131505,31,0.3318812286573898,0
3201209,32,0.3318777968318774,0
4200804,42,0.3317553953852831,0
2211001,22,0.3315996721118667,0
4105409,41,0.3315973533488147,0
5200803,52,0.3315341402903265,0
3507902,35,0.3313978806859186,0
4314753,43,0.331284286945094,0
3132107,31,0.33122069049146174,0
4125605,41,0.33118490837149367,0
2611002,26,0.3310180879501969,0
2503407,25,0.3308202246239876,0
1700707,17,0.33071501604126435,0
4306130,43,0.3306557634849488,0
5212501,52,0.33042215512813333,0
4211454,42,0.3303378953426213,0
4119905,41,0.33032380250638244,0
2924652,29,0.32971236056228226,0
4116901,41,0.3297114002579867,0
2608255,26,0.32956825170871706,0
3128253,31,0.3292837660194336,0
3538303,35,0.3290420737459537,0
4215901,42,0.3289785011350125,0
2408904,24,0.32893539358629204,0
3554706,35,0.3288834928038759,0
3107406,31,0.3288650988467657,0
3557105,35,0.3288348345110756,0
2102002,21,0.3288281642520261,0
2205805,22,0.3287007099246991,0
3118809,31,0.3284948520603074,0
2610103,26,0.32814201516065605,0
4125456,41,0.3280277166706951,0
4114500,41,0.3278677257396514,0
4323408,43,0.32785580984424173,0
4114609,41,0.32785316271981446,0
3505708,35,0.3278323437643862,0
4124020,41,0.32776921022094485,0
4317905,43,0.327081569795271,0
4204707,42,0.32695995174278325,0
4214508,42,0.32673165531721654,0
2504157,25,0.3265817518953925,0
4212205,42,0.3265517336020507,0
4107256,41,0.32615550678999106,0
3146107,31,0.32611692594734865,0
4110201,41,0.32554993306428004,0
3117504,31,0.32549366473425173,0
5211909,52,0.32541365165982283,0
3123106,31,0.325163972385183,0
1718840,17,0.32506404240232484,0
3145851,31,0.3250470910703608,0
5101902,51,0.32502896334456555,0
4102406,41,0.32500515356992216,0
3504107,35,0.32495401548581054,0
4125407,41,0.32491002163438804,0
4124707,41,0.32469776131442624,0
2509008,25,0.3246925886592276,0
3125705,31,0.32467383041811837,0
2207751,22,0.324629855939491,0
1501758,15,0.3245898924419531,0
3517208,35,0.32453521576035194,0
3139508,31,0.32448868241944373,0
3521101,35,0.3242593793987006,0
4203808,42,0.3241519722779431,0
3200607,32,0.3240960290460195,0
3161304,31,0.3238446504594439,0
3537800,35,0.3232761255856111,0
2500908,25,0.3232749700221381,0
3128303,31,0.32313998795259113,0
4128500,41,0.3231094410870741,0
3526704,35,0.32273955782573527,0
3169000,31,0.32272307139368733,0
3503208,35,0.32266511518211366,0
3204302,32,0.3223696235650107,0
1720853,17,0.3222626844286705,0
4307104,43,0.3221401813221538,0
3122355,31,0.3221149210783689,0
2612406,26,0.3220978237321823,0
4113502,41,0.32198036556086457,0
3530300,35,0.32196774708396864,0
3107307,31,0.3217391534027457,0
3171402,31,0.3217380384511284,0
3134608,31,0.32115554988851946,0
4315701,43,0.3209995897645431,0
3200805,32,0.32078595893253387,0
3125002,31,0.3202720535572887,0
2605301,26,0.32012766352826183,0
3530706,35,0.3199181869022645,0
2100402,21,0.31988155030419524,0
2105989,21,0.3198072990846596,0
3143500,31,0.31964415687165176,0
3145406,31,0.31935082157718553,0
1702307,17,0.3190972324154963,0
4106704,41,0.3190720967824211,0
3135100,31,0.3189751179807524,0
3139706,31,0.31822948300276926,0
4123006,41,0.3179327981945354,0
4103701,41,0.31783330256862974,0
4102505,41,0.31777992977221337,0
1100148,11,0.3177621598986196,0
3161601,31,0.3176422351428951,0
3556453,35,0.3174739879561989,0
3205010,32,0.3174691239536284,0
2503704,25,0.31736266635511323,0
4320701,43,0.3171353238956909,0
5106265,51,0.3169881121129154,0
2516300,25,0.3166136700417822,0
3512308,35,0.31654671137880197,0
3153202,31,0.3165362425480411,0
1716653,17,0.3164544827887227,0
2608057,26,0.3161599314207494,0
4127882,41,0.3159304057983502,0
3155405,31,0.31586369068468717,0
1100700,11,0.31579886166938753,0
3146750,31,0.31571257039426415,0
1506906,15,0.3154025075992983,0
5106182,51,0.31536727616588295,0
2608305,26,0.31507767864729025,0
4218202,42,0.31504196797528833,0
3512506,35,0.3145592342230901,0
1100072,11,0.3145521523394349,0
2914208,29,0.31430860228047147,0
2608453,26,0.3137578613239122,0
5201108,52,0.3135289693683654,0
4208609,42,0.3130441769156402,0
3548054,35,0.3127542614711602,0
3170008,31,0.3127144928369469,0
2201200,22,0.31269586501524455,0
4213906,42,0.3124948021420608,0
2600302,26,0.31248425361742743,0
4108908,41,0.3124134410621542,0
4102307,41,0.31240902018410044,0
4126652,41,0.3123177040830582,0
2601201,26,0.31208986431970104,0
3142205,31,0.31169738912183975,0
4304713,43,0.3116335049027654,0
4116109,41,0.3113889820645901,0
4108320,41,0.3113407317263562,0
2104206,21,0.3111211192270032,0
2615201,26,0.3111020275458613,0
2307304,23,0.3101436478123825,0
2208205,22,0.3100934526981738,0
5221197,52,0.30996063298467674,0
3556008,35,0.3097949221229329,0
3100401,31,0.3097568735929261,0
3143906,31,0.3097368203583142,0
3116902,31,0.30954328842511075,0
5206602,52,0.3091658728177873,0
3118106,31,0.3090192159566707,0
4104303,41,0.30884373217821565,0
3170602,31,0.30864772431770576,0
3533007,35,0.3084830314671451,0
2611408,26,0.30844748746134404,0
4313037,43,0.3082663746100026,0
3130101,31,0.30823615362111234,0
3158953,31,0.30782641047961795,0
3135605,31,0.3074454727797559,0
4210506,42,0.30738779136612493,0
3522158,35,0.30720856364474436,0
5103205,51,0.30703538180740814,0
3127073,31,0.30699389219230233,0
5002001,50,0.3065931740155953,0
3500105,35,0.306251953347694,0
3167905,31,0.30607863735205526,0
4302220,43,0.30590359114823656,0
4216354,42,0.3056550021990156,0
3553302,35,0.30564665141720215,0
4204509,42,0.30559798136858957,0
4119608,41,0.3055750876329181,0
3529203,35,0.30551908840695435,0
3519055,35,0.305298831595065,0
4121752,41,0.305239836356634,0
3123528,31,0.3047824199889618,0
3528502,35,0.3047630670429265,0
3127107,31,0.3046263546210221,0
4304903,43,0.30456980947108614,0
3143302,31,0.3045251508328328,0
3524709,35,0.304090946524081,0
3131406,31,0.303979223379573,0
3163300,31,0.303543414360616,0
3148103,31,0.303481031296397,0
3172004,31,0.3033045072844464,0
5106372,51,0.3033029007498931,0
4306734,43,0.3032806415438099,0
3110301,31,0.30318583820855144,0
4103354,41,0.3031685753447035,0
4301552,43,0.30300458949393666,0
3151701,31,0.3029522841093264,0
3205101,32,0.30277870517017774,0
2205201,22,0.30271842044002245,0
2102705,21,0.3020416546072471,0
3151503,31,0.30186250376812074,0
2103109,21,0.3018490218033578,0
3507308,35,0.3018413764197312,0
4214300,42,0.30183908866192144,0
3111150,31,0.3017981800403454,0
3517000,35,0.30160239061059324,0
3131000,31,0.3015717431718173,0
4106605,41,0.301468897296676,0
2202000,22,0.301449049099171,0
2207777,22,0.30132940164830424,0
4122909,41,0.3007320537712715,0
4119202,41,0.3006681951139981,0
3116209,31,0.3006286399989714,0
4304655,43,0.3006163756833178,0
3136306,31,0.3006022336390446,0
2612901,26,0.30058305856079515,0
4121703,41,0.3004945241594491,0
3526803,35,0.3004844057879449,0
3158003,31,0.3003068049752242,0
5211008,52,0.30025140507964737,0
5206206,52,0.30007464467644607,0
4111555,41,0.29985122973437417,0
3522604,35,0.29950653439773633,0
4211850,42,0.2991007211422489,0
4117909,41,0.2989557186327436,0
3508009,35,0.2989435850805096,0
4312153,43,0.2989243154879897,0
3545100,35,0.2989042968644531,0
3154457,31,0.29875349017751096,0
4317806,43,0.29868698952796435,0
3164001,31,0.2984115934374806,0
2904506,29,0.29783556151020035,0
3169307,31,0.29741084071827817,0
3547908,35,0.2973002547574117,0
2200400,22,0.2972280567923513,0
2607208,26,0.2971334514350807,0
3203403,32,0.29675239230706,0
3533254,35,0.2966826537080767,0
2703304,27,0.29655738990713726,0
4204103,42,0.29640980820540314,0
2205565,22,0.2961075353052764,0
2503209,25,0.29603143510600066,0
3514403,35,0.2956140060354601,0
5004007,50,0.2954051573341958,0
4115200,41,0.2953835822277682,0
3150802,31,0.29532703237914587,0
3119500,31,0.29511402607797627,0
3162302,31,0.2950858461042546,0
3526308,35,0.2948914871641073,0
3162104,31,0.29480845943633355,0
2512101,25,0.2947651841019279,0
2929602,29,0.2947238241581442,0
3122009,31,0.2944836058641972,0
4117222,41,0.294467962054531,0
4108403,41,0.29430220033500826,0
3150208,31,0.29419815600422516,0
3153608,31,0.29405105283007665,0
3541901,35,0.29383482767507435,0
3534005,35,0.29348262174402184,0
2209153,22,0.293462416932283,0
5206909,52,0.29329430095799136,0
2205557,22,0.29320639317497277,0
4314076,43,0.2931129613179248,0
3526209,35,0.29302083306336024,0
2105906,21,0.29290555720197,0
4212239,42,0.2924177466754137,0
3554201,35,0.2923567492039269,0
3112653,31,0.29232166288822975,0
2509107,25,0.29219944007339177,0
5204557,52,0.29219506012525376,0
3529906,35,0.29197434119896903,0
1700251,17,0.29193840825029005,0
4120333,41,0.2919247209214528,0
3125606,31,0.29170530946847834,0
3523701,35,0.29159452957047693,0
2111789,21,0.2912177354494147,0
4113205,41,0.290917309910489,0
4106100,41,0.290880023158598,0
4127858,41,0.2908699712782211,0
4118402,41,0.2908584537188497,0
3537305,35,0.29080735489806786,0
4209854,42,0.29057156295499675,0
4109203,41,0.2902883548483548,0
2603603,26,0.29025457652414344,0
4308300,43,0.29022297796489516,0
3508108,35,0.2901901086567753,0
3127339,31,0.29012823874216226,0
4312757,43,0.2900676274416685,0
3101003,31,0.29001679742471015,0
3121605,31,0.2900138308893483,0
2603801,26,0.2897689277532614,0
2107704,21,0.2897360446592682,0
2923035,29,0.2896042436274361,0
2107100,21,0.2896010179343389,0
2506004,25,0.2893386649159476,0
4123204,41,0.2891299870562591,0
2600807,26,0.2889830843836666,0
4300505,43,0.288967686872962,0
4215752,42,0.28857031199855765,0
4215406,42,0.2885268580210707,0
5209705,52,0.28841154288978416,0
4216008,42,0.28799861094730606,0
5107297,51,0.2879314514837151,0
3166501,31,0.28792323094639644,0
3501004,35,0.28773699929967067,0
2200103,22,0.28732949097965865,0
2609204,26,0.28722364249504195,0
3137700,31,0.28722266740635705,0
3135357,31,0.287050845404631,0
3111101,31,0.2870289848377853,0
3549904,35,0.28700130509254634,0
3126752,31,0.2868774680576552,0
3519303,35,0.2867692866391942,0
3139102,31,0.286728807269435,0
2609303,26,0.2865391516578032,0
5221007,52,0.2865224000194541,0
5201702,52,0.2862714223519683,0
2707503,27,0.2862124751433931,0
4123956,41,0.286119386201081,0
3108503,31,0.286076343622037,0
4219176,42,0.28588236112463894,0
2110609,21,0.2857671006973312,0
3118007,31,0.28562365434646747,0
4312179,43,0.2855043479083796,0
3114204,31,0.2849266404094336,0
2606101,26,0.2847128833213484,0
1101609,11,0.2846804610677839,0
4105904,41,0.2846148489312005,0
1716208,17,0.2845108209593459,0
3162559,31,0.28450583452324435,0
4305157,43,0.28417654304917245,0
3101607,31,0.2840871381207071,0
3169901,31,0.28397670887651016,0
3540903,35,0.28391752859778263,0
5204201,52,0.28390045550809,0
5100607,51,0.28369989022977327,0
3104007,31,0.28360291573701485,0
4125753,41,0.28359000748864743,0
3513900,35,0.28337275526228894,0
2516607,25,0.28336706892558083,0
1600238,16,0.2832067411492139,0
3149309,31,0.2831816060512404,0
3202405,32,0.2827374421800534,0
3514601,35,0.2825774860453654,0
4122503,41,0.28226725182894497,0
5006200,50,0.2821164403081649,0
3514304,35,0.282084160676329,0
3545209,35,0.28200039094594764,0
3202801,32,0.281984243165509,0
3102704,31,0.281767379840153,0
5105580,51,0.281675615505062,0
3159506,31,0.2816537559415061,0
3129905,31,0.2815546079038625,0
3102605,31,0.2815180753188339,0
4308458,43,0.2814894572289583,0
3543303,35,0.281437956290049,0
4107801,41,0.2813430001444548,0
2206696,22,0.2811178354856695,0
3511508,35,0.28088216831596,0
5218391,52,0.2808244861429276,0
3536307,35,0.28075950504308156,0
3143401,31,0.2806037638896835,0
2604403,26,0.2804730030579467,0
2105450,21,0.28001896350634237,0
3520426,35,0.2798743404782895,0
4207601,42,0.2798574823553249,0
4112504,41,0.27974410929032656,0
3138906,31,0.2796646386285836,0
3524501,35,0.2792784873166681,0
4109708,41,0.2792557356101249,0
3539202,35,0.279215394141763,0
5000203,50,0.2789509620574942,0
3110202,31,0.2788986625429942,0
4102703,41,0.2787300075987193,0
2410009,24,0.2785384085012041,0
3503307,35,0.2785079923073673,0
4320263,43,0.27848951549833245,0
3532827,35,0.27834672039625297,0
5209606,52,0.27829839487952746,0
3150158,31,0.2779415129898063,0
4210035,42,0.2775654680474973,0
4210209,42,0.2775471534367981,0
3153905,31,0.2775399087596009,0
4117107,41,0.2775242721865488,0
5100250,51,0.27732906195276624,0
3554508,35,0.27729765673849965,0
3130200,31,0.27694561510059473,0
4108106,41,0.2768529053603555,0
4126900,41,0.276838555507471,0
4204152,42,0.27683247043133186,0
2108900,21,0.2765705333709086,0
2114007,21,0.2762343397381203,0
3540200,35,0.2761653676707923,0
4305504,43,0.27589507602041635,0
3100609,31,0.2758898376298148,0
3119203,31,0.27578996809583595,0
3533601,35,0.2757652736619717,0
3508900,35,0.2757284923482043,0
4211652,42,0.27565729891873575,0
4315172,43,0.275445729160587,0
2615607,26,0.27543046200408855,0
5004700,50,0.2754159500306622,0
4107520,41,0.27538290964851664,0
1720937,17,0.27534470723759713,0
3541703,35,0.2753172966227125,0
3160702,31,0.27529929744890225,0
3115409,31,0.27505883561409017,0
3204203,32,0.27490204129490764,0
4104105,41,0.2747983600125915,0
4125100,41,0.27478168640322576,0
4102109,41,0.27460148427166137,0
4211801,42,0.2745604800602388,0
3123809,31,0.2745543426399847,0
3128006,31,0.27451072953939665,0
4110102,41,0.27441853134518696,0
3150703,31,0.27434583115538036,0
4205431,42,0.2741621963683078,0
4302659,43,0.2740951180041033,0
5202155,52,0.27406129278999486,0
3545704,35,0.2739740452002881,0
2509701,25,0.2738062542269835,0
2101103,21,0.27378011171115363,0
2111029,21,0.2736712460158687,0
4123907,41,0.2736459443637467,0
2512408,25,0.2735316556835389,0
3131109,31,0.2734153531728249,0
5200308,52,0.27338314601988617,0
4127403,41,0.27334051930861025,0
3150109,31,0.2732219200433788,0
2205599,22,0.2728793505238441,0
2108454,21,0.2728575245933768,0
3156908,31,0.2728230263887586,0
4122107,41,0.2726955574868612,0
3514205,35,0.272580626481129,0
2611101,26,0.27224682720639276,0
4307864,43,0.27201749897646665,0
4100459,41,0.27178436743432977,0
2502409,25,0.2717495943342126,0
4121604,41,0.27173027094054925,0
3144102,31,0.27169349721450026,0
3510401,35,0.2715943920792722,0
5209804,52,0.2714684923760693,0
3119302,31,0.27142699506985873,0
2509404,25,0.2713978869317321,0
2801108,28,0.2713625921347464,0
4104907,41,0.2712628458997547,0
4100905,41,0.2710993553295038,0
3170800,31,0.27102785336257024,0
2607307,26,0.27097087429056715,0
5205109,52,0.27093276306785513,0
4305702,43,0.270653722581622,0
4308003,43,0.2706436236761717,0
3138203,31,0.2700867880798939,0
5200555,52,0.27001976118460785,0
4321469,43,0.2700015528940696,0
3507001,35,0.26999760022185043,0
3162658,31,0.26979102449869774,0
2611804,26,0.2694871116533603,0
2103752,21,0.26937830454663186,0
4110904,41,0.26936013512466833,0
2514008,25,0.26879587592441395,0
3145356,31,0.26876655361676255,0
3502101,35,0.2687070466102144,0
3171907,31,0.26858468230575844,0
5209408,52,0.2685471822678896,0
1300631,13,0.2682443497655781,0
2200707,22,0.2681922729821146,0
4100509,41,0.2681071854098364,0
4101705,41,0.2680965061924413,0
3107208,31,0.26793918631398117,0
3516903,35,0.26759113651366795,0
4121505,41,0.2675664572575598,0
2606606,26,0.2674339049068625,0
3147105,31,0.26734666459811723,0
3164605,31,0.2672109791781808,0
4107603,41,0.26717879501444775,0
5208509,52,0.26705148007735335,0
3527405,35,0.2670396264701887,0
2408508,24,0.26703549169133134,0
3170057,31,0.26691446001322483,0
3134905,31,0.2666870050718574,0
4104451,41,0.2666311442187453,0
4322004,43,0.26659897087408146,0
5206503,52,0.2663779455321494,0
2612455,26,0.26636865801284254,0
4200903,42,0.2659196774972525,0
1703206,17,0.26584443762396026,0
2708204,27,0.2657640067406614,0
5108808,51,0.2654985579323446,0
4118808,41,0.2654595867131391,0
3112604,31,0.2651403230260149,0
4306304,43,0.26513602181894935,0
2509396,25,0.2650362437126568,0
5104559,51,0.2649590340357378,0
3124302,31,0.26494293095337595,0
4217758,42,0.26490222369747934,0
3130408,31,0.26468934452845005,0
5219357,52,0.2643864175974528,0
2514552,25,0.26427694513761524,0
2202554,22,0.26417644896647546,0
4311791,43,0.2638974624690274,0
1715002,17,0.2637768500718977,0
5107263,51,0.2636808350336476,0
4104501,41,0.2629723648439893,0
5215801,52,0.2629017721697573,0
3156809,31,0.2622870203325589,0
1100379,11,0.26210292849667166,0
3170503,31,0.2618340271224978,0
3149200,31,0.2617812057034987,0
4111100,41,0.2616810355458426,0
4107900,41,0.26148513025338316,0
2701407,27,0.26086331472607405,0
3546900,35,0.2606162886703715,0
2517100,25,0.26056852034304107,0
4323754,43,0.26046614105986854,0
1302108,13,0.26030478879749097,0
3119807,31,0.2602954204611931,0
3128204,31,0.2602939224383851,0
3527900,35,0.2600734259724514,0
3157377,31,0.26003039367722264,0
3538709,35,0.2599629460127818,0
4101408,41,0.2595847561639846,0
2612604,26,0.25929831597809644,0
4115002,41,0.2590813389627517,0
4311601,43,0.25907049873029103,0
4124608,41,0.2590128401131438,0
3532900,35,0.25899132000936825,0
2509800,25,0.2588850448765695,0
5107792,51,0.2588130565475359,0
5103007,51,0.2586670330575134,0
5205455,52,0.2581366749602995,0
3550803,35,0.25798343816594743,0
3106002,31,0.2579509894673243,0
4109658,41,0.2579410633105939,0
2614600,26,0.257740322916062,0
3141009,31,0.25773082823538523,0
3544806,35,0.2576871485918095,0
4127502,41,0.25765753088857585,0
3522802,35,0.25765141895547533,0
1100189,11,0.25758074573589645,0
4122651,41,0.25734145577255224,0
5206404,52,0.25728984570152175,0
5217401,52,0.25708865175468437,0
3122603,31,0.25682679599375585,0
4216107,42,0.25651438652468894,0
3112505,31,0.25649778438974974,0
3145208,31,0.25630147052321867,0
3140704,31,0.2562203298490693,0
4321451,43,0.2558486282209798,0
3543501,35,0.2558094242625995,0
3506904,35,0.2557140832381825,0
4104055,41,0.2556856698627077,0
2502607,25,0.25561181863839677,0
3103751,31,0.2551676183635442,0
4112207,41,0.2550798455565183,0
5221809,52,0.25472179802909334,0
3305133,33,0.25468919613244584,0
5207535,52,0.25454991833423934,0
4128534,41,0.25453456299877253,0
1100031,11,0.2544911983310964,0
5220264,52,0.25446441863287417,0
4121257,41,0.25435153405605715,0
3139409,31,0.2543254538051791,0
4114005,41,0.25415771811059107,0
2101004,21,0.2539322208280208,0
3131208,31,0.2539109170183858,0
3302452,33,0.25362766009675275,0
4113403,41,0.2534068591495187,0
3114808,31,0.25334787679857407,0
2403301,24,0.25332628713624944,0
2500205,25,0.25329911401342997,0
2108058,21,0.25327619935590656,0
5203575,52,0.2530510138537478,0
4112009,41,0.25267083975375676,0
3516606,35,0.2525586478295235,0
3132404,31,0.25250397501803856,0
2920304,29,0.25249369597499594,0
2502706,25,0.25241823699896915,0
3162609,31,0.25229797942420656,0
5202502,52,0.2522456687387752,0
3160801,31,0.25200103775542515,0
4105508,41,0.25165609052405086,0
3170909,31,0.2514730941700266,0
3515707,35,0.25141202079897873,0
3109907,31,0.2512173963120291,0
2312601,23,0.2510668794260746,0
4126009,41,0.2508431607885698,0
2209807,22,0.2507860812038766,0
5006259,50,0.25077343762812015,0
4106506,41,0.2506952131160226,0
2209203,22,0.2506922380321265,0
3131307,31,0.2506651990710947,0
3145505,31,0.25065180914306084,0
3543006,35,0.2506059644146953,0
2105104,21,0.2505346677202581,0
4217907,42,0.25040128896556013,0
3160454,31,0.2502066378170958,0
3528601,35,0.2501790714988222,0
1300904,13,0.25016274706443886,0
4323101,43,0.2501512888352161,0
4117214,41,0.25012514043142225,0
2505303,25,0.24997419020783967,0
4316006,43,0.24991316015329867,0
4112801,41,0.24984296338770168,0
3140159,31,0.24968620387542173,0
4126355,41,0.24962394334742832,0
2600104,26,0.24932739922031086,0
3205036,32,0.24931646964715168,0
3114006,31,0.24919804826294026,0
4314555,43,0.24897845621861103,0
3525904,35,0.24893724558724503,0
5103254,51,0.24873018675665826,0
3529609,35,0.24862208750036616,0
4121208,41,0.24841232916484682,0
4117008,41,0.24826699786606798,0
2616100,26,0.24826550509347808,0
5105200,51,0.2481398785703142,0
3511102,35,0.24809486160287447,0
4115804,41,0.2480609893183788,0
5105176,51,0.24794919519240588,0
4123501,41,0.24783529170066673,0
3157609,31,0.2477795756903472,0
4316501,43,0.24766920428369782,0
4210555,42,0.2476673072647231,0
2608909,26,0.24756169929275967,0
4201208,42,0.247512641513557,0
2310605,23,0.2474634292955689,0
5106216,51,0.24717777647902167,0
3161403,31,0.24714155491413292,0
4115408,41,0.24699668548047266,0
4106308,41,0.24681888653778508,0
3551603,35,0.2467119006082263,0
4111209,41,0.24658736955814944,0
3205309,32,0.24651328577797937,0
4315008,43,0.2464708790743096,0
4323507,43,0.24621261810876743,0
4106209,41,0.24606938677162765,0
4320305,43,0.24606498625849035,0
3519204,35,0.245962742403811,0
4300554,43,0.24562734857629215,0
4212007,42,0.24559887151494866,0
1505908,15,0.24548130179138428,0
3144904,31,0.24533736244894241,0
4211405,42,0.24522137985291959,0
2302008,23,0.24483566047319444,0
3165552,31,0.2447140266396078,0
3543204,35,0.24466276673254367,0
3108552,31,0.2445481047040788,0
2506202,25,0.24441247441493366,0
4115754,41,0.24437011257718472,0
3129301,31,0.24414904826304124,0
4313011,43,0.24411033137082758,0
5001243,50,0.2433105349369979,0
4309555,43,0.2432997873259552,0
2105476,21,0.24317961772639607,0
2510105,25,0.24284260458306342,0
3144656,31,0.24283942976302245,0
3171303,31,0.24274727856059392,0
2210383,22,0.2427409926537932,0
3518008,35,0.24237108078740005,0
3547502,35,0.2423622326176802,0
4125803,41,0.24234650814366748,0
3121704,31,0.24192876274669423,0
3110707,31,0.2416382192512438,0
4123824,41,0.24151668934685785,0
3144607,31,0.24128441023218603,0
4305009,43,0.24119965198075038,0
2112209,21,0.24117848054069954,0
4101655,41,0.2411518532816628,0
2208551,22,0.2410319751636332,0
2303709,23,0.24098305288410996,0
3204906,32,0.24086960751937628,0
3502804,35,0.24076014811705557,0
2110302,21,0.24070973589602812,0
2200251,22,0.2406177393125537,0
4206405,42,0.24028940121422776,0
3116506,31,0.24009863104372256,0
2112852,21,0.24007525114185715,0
5108006,51,0.2400717221799339,0
3144706,31,0.24007150326578625,0
5103056,51,0.23999763145538244,0
3107703,31,0.23992215579059126,0
2305506,23,0.2399074195510931,0
2210953,22,0.23988569279003616,0
3104908,31,0.2395607649945614,0
5222302,52,0.2393106033861652,0
3157500,31,0.23923801932601427,0
4319711,43,0.2391302233061618,0
4200200,42,0.23902349610692153,0
5217609,52,0.23874798430428543,0
4127965,41,0.23838547500250978,0
2412104,24,0.23838293984650538,0
2208106,22,0.23833521864351917,0
2512200,25,0.23830549368062814,0
4316436,43,0.23823780177690418,0
4128005,41,0.2381703894440175,0
4103800,41,0.23800193360068803,0
2612703,26,0.23789789322956043,0
4127700,41,0.23780523616190075,0
3103108,31,0.23763532424398362,0
3518503,35,0.23746874989452307,0
4116703,41,0.2373868471608086,0
5215306,52,0.23707364087183153,0
4318440,43,0.23698215710486478,0
3521309,35,0.2368230608030512,0
2111722,21,0.2367334955901182,0
4125209,41,0.2365441883718577,0
5107156,51,0.23632517669893122,0
3138302,31,0.2361014684884878,0
3162005,31,0.2359579951235216,0
1304302,13,0.23583733397048853,0
3117207,31,0.23570114158411287,0
3115359,31,0.23558363672653185,0
2401651,24,0.23466810372231184,0
3164209,31,0.2345114804140046,0
4200754,42,0.23432498380420574,0
2510808,25,0.23427384053203223,0
4107736,41,0.2340127886551036,0
3510005,35,0.23384644907045155,0
1703602,17,0.2336817064949127,0
3553906,35,0.2336793696043465,0
5211503,52,0.2335713620157534,0
3200706,32,0.23341879110133182,0
3127354,31,0.2331068498012195,0
3153509,31,0.23294325049230113,0
4311429,43,0.2328564489312724,0
4113452,41,0.23285494833857348,0
3102308,31,0.23280260796040644,0
4103453,41,0.23246880150441024,0
4127304,41,0.23226508096877305,0
5000252,50,0.23204521843290607,0
3549706,35,0.23188741711132316,0
3158201,31,0.23163684487168343,0
3155801,31,0.231580768463048,0
4103305,41,0.23149172518025177,0
4315750,43,0.23122355064356911,0
4310652,43,0.2309210444348986,0
3148202,31,0.23079592146727979,0
5108303,51,0.23048285919462924,0
3510906,35,0.2304512304429305,0
3124609,31,0.23031904113884138,0
3117009,31,0.23012764141287817,0
2702108,27,0.23000204085530712,0
3126802,31,0.22996576412114153,0
5217104,52,0.22988542607786983,0
3546405,35,0.2293558344591385,0
1712157,17,0.2293408771061408,0
5204805,52,0.22932406532697708,0
3529302,35,0.2290731640417129,0
4302253,43,0.22880558558922126,0
4124509,41,0.22859891114880138,0
4111704,41,0.22856731958115373,0
4113809,41,0.22838876038864522,0
2414902,24,0.2282617084182717,0
4301404,43,0.22814174656450487,0
4107207,41,0.22787578431348648,0
4314787,43,0.2278519616924118,0
5220108,52,0.2277700849511356,0
2206605,22,0.22764212198089806,0
2806909,28,0.2274680817368903,0
4107504,41,0.22728035178231537,0
3138005,31,0.22712560936426188,0
2210359,22,0.22706577103899586,0
4119707,41,0.22701948752999077,0
3159704,31,0.22699374399679667,0
2201606,22,0.2268101335783027,0
3545803,35,0.22617846830330202,0
2202711,22,0.22588473781242574,0
3150604,31,0.22554319898753403,0
3112901,31,0.22542796106494528,0
2508703,25,0.2252368706195748,0
3134509,31,0.22520566473330322,0
4210605,42,0.22497137586510718,0
5105259,51,0.22486103185988662,0
3550506,35,0.2247770693040031,0
3519808,35,0.2244526147989595,0
5200100,52,0.22421158699223936,0
3127008,31,0.22389760910564788,0
4116307,41,0.22358152563314398,0
4213104,42,0.22352219055163966,0
3128105,31,0.22325687917342718,0
2210805,22,0.22313749016577525,0
4122701,41,0.22285998617358987,0
5106802,51,0.222859143719369,0
3133006,31,0.2227788791695402,0
3147709,31,0.22276601205259303,0
3202306,32,0.22242002294739707,0
3108305,31,0.2222006217161306,0
3152907,31,0.22218096596871292,0
3553005,35,0.22186776694372326,0
2414753,24,0.22175891115729912,0
4127809,41,0.22166875047186188,0
3141900,31,0.22139971413335535,0
4211256,42,0.221196229838442,0
3162955,31,0.22106007386873675,0
4126272,41,0.2207069018457362,0
3532801,35,0.22045486888761023,0
2209351,22,0.22041921372399118,0
5220504,52,0.22024737445189047,0
3519501,35,0.22005121839198466,0
5216908,52,0.21995104640472138,0
5005251,50,0.21988734544553018,0
4123808,41,0.2196165509644084,0
3203353,32,0.21944550485828082,0
3154705,31,0.21932503415189522,0
3108602,31,0.219233154821676,0
5106190,51,0.21911871155403898,0
3148004,31,0.21909618554339336,0
3100302,31,0.21868035329042795,0
2105708,21,0.21866887398041898,0
2204501,22,0.2185542032690118,0
1720978,17,0.21823567041020034,0
3120805,31,0.21822316124831984,0
2205516,22,0.21815387652593554,0
4117255,41,0.21812602007002135,0
4201505,42,0.21796091074681104,0
4303806,43,0.2179574908127143,0
5212303,52,0.21794230757397898,0
3546207,35,0.21794094806926645,0
2204709,22,0.21782469189340306,0
2103406,21,0.21774877661215614,0
2101731,21,0.21773873772307617,0
3108909,31,0.21769208602191806,0
3122306,31,0.2175491046333006,0
4124400,41,0.21746450688450616,0
3123502,31,0.21741575289789383,0
2109700,21,0.21730388362458405,0
3106705,31,0.21721338638239546,0
3150901,31,0.21716298972686765,0
3539509,35,0.21711626311265556,0
2300309,23,0.216988655484546,0
4109005,41,0.21675987334725785,0
3109204,31,0.21663916201089695,0
2603504,26,0.21641420433802955,0
4125555,41,0.21621490885347514,0
3118908,31,0.21609673003797325,0
3541604,35,0.2159511774102596,0
5103361,51,0.21583026693097676,0
5200209,52,0.21574206688234984,0
3162252,31,0.21503887674827685,0
5107107,51,0.21499816954837894,0
4200051,42,0.21486995472143647,0
3152204,31,0.21473139208819367,0
2610509,26,0.21467938920145133,0
4113106,41,0.21456450688455472,0
3159308,31,0.21453359874351893,0
4317954,43,0.2143579405178266,0
3538501,35,0.214275469297412,0
2203602,22,0.21395860783320572,0
2104503,21,0.2135822013358775,0
3532702,35,0.21347262580170973,0
1100296,11,0.21332403269607686,0
3203130,32,0.21316217934872014,0
3132602,31,0.2130536653817865,0
3158904,31,0.2128302433343739,0
3137536,31,0.21267648526486588,0
4303301,43,0.2126281039373684,0
3118700,31,0.21259605338489265,0
2105351,21,0.21237824358881544,0
3521200,35,0.21227264877992255,0
3165800,31,0.21204237919974486,0
3159605,31,0.21197547316202695,0
4103909,41,0.21194623052800643,0
4207908,42,0.21183192335328835,0
3162500,31,0.21144046183346538,0
3554904,35,0.21102593563225072,0
4118105,41,0.2109991744520513,0
2505600,25,0.21057516130994366,0
4112751,41,0.21031633071306588,0
5200852,52,0.21030056851577508,0
3555703,35,0.21028776903223084,0
3129608,31,0.21015546133353402,0
5219902,52,0.21010733001102286,0
3514502,35,0.21000003272248727,0
2604809,26,0.20991871969310422,0
3512100,35,0.20983026862948476,0
4219200,42,0.20958094267299127,0
2207355,22,0.20908859840070934,0
3153301,31,0.2090667444838452,0
5204953,52,0.2089686011012653,0
3162922,31,0.2089422574456381,0
3113909,31,0.20881361272540921,0
3144003,31,0.20837627843164538,0
3170529,31,0.20812761603736277,0
4125704,41,0.2080659726016335,0
3171204,31,0.20800663314696757,0
5221577,52,0.20794937699228083,0
3538808,35,0.20789463546467288,0
3117108,31,0.207396501019869,0
2613602,26,0.20720619284771072,0
3143104,31,0.2071980190131316,0
2109239,21,0.20715854460262925,0
3164472,31,0.20688477646355075,0
3143005,31,0.2068073939410158,0
2610301,26,0.2068025504459798,0
3126109,31,0.20665095211076204,0
3104403,31,0.20620180931538484,0
4121901,41,0.20618228443731831,0
3510708,35,0.20613600357513023,0
3121407,31,0.20591248372109813,0
4307815,43,0.20586174380377031,0
1301951,13,0.20572322264871767,0
3108107,31,0.20567007241606963,0
3128501,31,0.20550763770281671,0
3110103,31,0.20507584856938157,0
3506359,35,0.20506126399595456,0
3112406,31,0.20502097317894424,0
2210003,22,0.20495670830751525,0
3147600,31,0.2046883144499342,0
4101309,41,0.20464357753132736,0
2604700,26,0.20397896297207668,0
3203007,32,0.20376336973024847,0
1600535,16,0.20367853454911022,0
4126306,41,0.20356792946294044,0
5107875,51,0.20326751214483982,0
3130051,31,0.20323880002960104,0
5106273,51,0.20319708420049495,0
4103370,41,0.20315411592678698,0
3553708,35,0.20314846752736232,0
5218102,52,0.20302809717193898,0
3144805,31,0.20294685635158052,0
2925931,29,0.2029249133495458,0
2109007,21,0.20269155469881556,0
4101903,41,0.2026134547304201,0
3523404,35,0.20248100819061882,0
3530508,35,0.2023005471852634,0
3140803,31,0.2022925288576231,0
3524204,35,0.20221184367354886,0
3142403,31,0.2021133068661573,0
2506608,25,0.20208471998484087,0
3124005,31,0.20190470726161797,0
4211603,42,0.20188975226193118,0
3532058,35,0.20181513899251702,0
3202603,32,0.20174836425006482,0
2517209,25,0.20156278477173392,0
2511004,25,0.20153082811446585,0
4104402,41,0.20130669598666462,0
2608602,26,0.20127773375655988,0
4120309,41,0.20127353786529503,0
5210109,52,0.20070397573694232,0
4301206,43,0.20070118036300963,0
2105609,21,0.20049779660592582,0
3171105,31,0.20044329609018896,0
5205208,52,0.20043061622768021,0
2305266,23,0.19993276729975298,0
3123858,31,0.19979256658662184,0
2615508,26,0.19970933518968415,0
3111804,31,0.19920389657186677,0
4200606,42,0.19911073842996319,0
3552908,35,0.19900484225667847,0
4116802,41,0.19898944764460066,0
3540606,35,0.19892762401971267,0
2516151,25,0.19891526559860348,0
1300201,13,0.1986710333963427,0
2106409,21,0.19860745089786042,0
3204708,32,0.19842923930655093,0
3540309,35,0.19802099352799576,0
4102000,41,0.19791221217629426,0
4305116,43,0.197751830193068,0
3121902,31,0.1977450748535263,0
2500700,25,0.19748071443466483,0
3550902,35,0.1974597341516208,0
2606309,26,0.19743879089511682,0
3165602,31,0.19736640627292432,0
3536570,35,0.19713545560080392,0
4107751,41,0.19711324202649855,0
2503605,25,0.19705326785529456,0
2203859,22,0.19698741819268775,0
3124807,31,0.19696343861691126,0
3134301,31,0.19654608074022542,0
4127957,41,0.19648501620605535,0
3500600,35,0.1964140875256408,0
3131901,31,0.19628840159759256,0
3138658,31,0.1962842141066369,0
3520608,35,0.1962087185861078,0
4120853,41,0.19587285419949227,0
3524808,35,0.19569638260677655,0
2514206,25,0.195685691267209,0
2104651,21,0.19535503264219628,0
2411908,24,0.19532865065474775,0
5208806,52,0.19520008622847748,0
3510203,35,0.1948063008457636,0
4120358,41,0.1946704029100299,0
4313391,43,0.19462246852844015,0
5100300,51,0.1945417952791579,0
4308706,43,0.19377575234713038,0
3542008,35,0.19375052690918262,0
2516409,25,0.1936975834009089,0
2503506,25,0.19323385271481616,0
2602209,26,0.19307073748772383,0
4207759,42,0.1929977481207929,0
4209805,42,0.1929830808331219,0
3165305,31,0.19295946047012946,0
4110953,41,0.1928286011130901,0
3135001,31,0.19279670155188097,0
3129707,31,0.1926831670947043,0
3103207,31,0.19259445770496755,0
3110608,31,0.19255939261436827,0
5107206,51,0.19254216911139396,0
3131604,31,0.19247042282205207,0
4205100,42,0.1923966675784985,0
3203056,32,0.19238192450000724,0
5105002,51,0.19232664021831705,0
4207858,42,0.1923189632977656,0
2701100,27,0.19219393566818777,0
2110906,21,0.19214914598509117,0
2502201,25,0.19208954673777218,0
3537156,35,0.19200564642839218,0
4114351,41,0.19176746283232687,0
3153400,31,0.19171560030609483,0
2515807,25,0.19156053067518802,0
4114906,41,0.19148200632407053,0
4110805,41,0.19135363355053023,0
4207403,42,0.19122386066512195,0
3127404,31,0.1910735406082676,0
3514809,35,0.19104122998930287,0
3121803,31,0.19085852811163445,0
2101772,21,0.19073211743396964,0
4125357,41,0.1906380375417394,0
2605608,26,0.19061315369358833,0
2202851,22,0.19046348215679376,0
3165537,31,0.19039248997386346,0
4106571,41,0.19021707215327072,0
2508901,25,0.19018605380489853,0
3503000,35,0.1901059411383949,0
4121802,41,0.1900553592608211,0
4309258,43,0.1900385201706603,0
4106803,41,0.1899814964703638,0
4108452,41,0.1899649190427771,0
3112208,31,0.18983443144109968,0
3527256,35,0.1898071970428731,0
3120870,31,0.18977978012498398,0
4215679,42,0.1896126149304129,0
3122470,31,0.18951603847715237,0
2207009,22,0.18937761729588376,0
3501707,35,0.1893605080190816,0
4125308,41,0.18921876752190966,0
2501203,25,0.18910340423404937,0
4120101,41,0.18890375266232873,0
2103901,21,0.18887752454017162,0
3529500,35,0.1886407403893242,0
3516200,35,0.18853904152390197,0
2209708,22,0.18852438542634317,0
3204252,32,0.18848645490574953,0
4114203,41,0.188433451905975,0
2105153,21,0.18825880298545256,0
4116059,41,0.18802788277839647,0
1505601,15,0.18779878254950105,0
3512407,35,0.18757556139367604,0
3154150,31,0.1875066671500353,0
4303673,43,0.18747748943610135,0
4126207,41,0.18728696260329317,0
3159902,31,0.18683757574847581,0
3139201,31,0.18666107016978478,0
3113206,31,0.1864762047963713,0
2510303,25,0.18638906135131666,0
4300208,43,0.18624280909899338,0
3124500,31,0.18620273982118365,0
5106224,51,0.18610953758323753,0
3115706,31,0.18609847285444184,0
4115457,41,0.1860602381498359,0
2110500,21,0.18593017794585343,0
3125903,31,0.18590985034936067,0
5218052,52,0.18588620532862593,0
4121406,41,0.18545714985167844,0
3117702,31,0.18542493932548113,0
5203401,52,0.18537976342709986,0
3109709,31,0.18524060393410144,0
5220405,52,0.1851219936958388,0
3157005,31,0.18508081424392253,0
3530904,35,0.18497877280244276,0
3164506,31,0.18427762494475064,0
3145000,31,0.18380153591581494,0
2608750,26,0.18373951408835115,0
5221403,52,0.18368319864076663,0
5108857,51,0.18366936802167472,0
3523602,35,0.18329342042188973,0
3136553,31,0.18324406135715926,0
5205802,52,0.1829398303176302,0
3163607,31,0.1827554675942626,0
4323770,43,0.18271595937840443,0
4207684,42,0.1825330273577686,0
2606507,26,0.18246458408158636,0
2613909,26,0.18241201717919334,0
5201207,52,0.18207863421963144,0
4111407,41,0.18193484332973306,0
3115474,31,0.18188935800859862,0
4105300,41,0.1817949489893194,0
4314068,43,0.1817520041174812,0
3133402,31,0.18172553048800996,0
3505203,35,0.18143339099681846,0
5100201,51,0.18139483425486835,0
3155108,31,0.18128791910381864,0
2208650,22,0.18117533294620033,0
3140530,31,0.18115576882652176,0
4312476,43,0.1809325134547412,0
5106158,51,0.18050095691919119,0
5204656,52,0.1804585587127132,0
2614204,26,0.18023132447587725,0
4120606,41,0.18004403509104172,0
4127205,41,0.18002368688494877,0
4116950,41,0.17999275032622758,0
3162575,31,0.17950804138084708,0
2503902,25,0.1793324279288996,0
3556305,35,0.17864635354648756,0
2104081,21,0.1784466838993687,0
4124806,41,0.17819507351140276,0
3204401,32,0.17814493934774195,0
4311908,43,0.17813514092149857,0
5200134,52,0.1779574698692835,0
5215702,52,0.17782362598853718,0
3105103,31,0.17779577866661112,0
3554409,35,0.17768182902698024,0
4119806,41,0.17764565475747268,0
4209201,42,0.17758522050261288,0
5205901,52,0.17741484311489322,0
3116407,31,0.1773039705357352,0
3202256,32,0.1771231554407135,0
4315404,43,0.17701657012396754,0
3156106,31,0.17691893033476694,0
4126603,41,0.1767946804477362,0
3163805,31,0.17673362245172985,0
3123205,31,0.17672329433712372,0
5216007,52,0.1765289533190538,0
3201506,32,0.17634663313916188,0
4202156,42,0.176288694516755,0
3109105,31,0.17562959866313263,0
2612208,26,0.1756063956150822,0
3202504,32,0.17559759955390356,0
3145901,31,0.17554108798073528,0
3146206,31,0.17544522977132251,0
2615102,26,0.175323959488968,0
3168408,31,0.17513911982751396,0
4218756,42,0.17513613031141503,0
3113602,31,0.17512630205294855,0
3147907,31,0.17512214500746995,0
4121307,41,0.17512179938956318,0
3163102,31,0.17495676640056243,0
5213707,52,0.17483211415974165,0
3118304,31,0.17481062594404043,0
3113107,31,0.17475046629076582,0
3135308,31,0.1744100149085815,0
3126406,31,0.174331527131896,0
2704609,27,0.17404144777688796,0
3136108,31,0.17395399104159823,0
3203809,32,0.17375375527807602,0
3154507,31,0.17372805674159356,0
2100956,21,0.17350583828701774,0
3536604,35,0.17331705816112078,0
4313805,43,0.1733050775934118,0
3131802,31,0.17326894784379349,0
2202075,22,0.17326463287856642,0
5007935,50,0.17315537905120829,0
3514957,35,0.17303409383030974,0
4107405,41,0.172948268634584,0
3168705,31,0.172740108258825,0
4317756,43,0.172718867232907,0
3202454,32,0.17254740737572394,0
1600055,16,0.17253644052178183,0
4215695,42,0.17250735703585762,0
2110104,21,0.17236079923135272,0
3550209,35,0.17232432303204742,0
3107109,31,0.172031346724624,0
3149705,31,0.1720071661402497,0
3149101,31,0.17199142925264668,0
3123403,31,0.17198217444279468,0
5006275,50,0.17179482393601533,0
4308854,43,0.1715889386910603,0
3148806,31,0.1715691989250981,0
2202083,22,0.1715107640950602,0
5204904,52,0.1714503171473293,0
2100873,21,0.1713899176276545,0
3111002,31,0.17122821305173458,0
5219407,52,0.17102823518440052,0
3131158,31,0.17094766560917146,0
4300646,43,0.1708888941521566,0
3145802,31,0.17085245954325173,0
3120904,31,0.170785981002431,0
2104909,21,0.1706901423810672,0
5220686,52,0.1705280757364923,0
4118709,41,0.17044408359075813,0
4212601,42,0.1703997626242714,0
3204500,32,0.17037997791301626,0
2504603,25,0.17037426176262457,0
3202652,32,0.1703256252636565,0
5207253,52,0.1700975742697002,0
3152131,31,0.16985823640931338,0
3112802,31,0.16974272486082173,0
3204609,32,0.16969489380192793,0
4215208,42,0.16968675689959006,0
1600709,16,0.16963850022180987,0
5208301,52,0.1695735792181084,0
4215356,42,0.16954344906023502,0
5215009,52,0.16941666151867613,0
5204102,52,0.16936229458986182,0
5107065,51,0.1693321013584825,0
4119657,41,0.16891355473991745,0
3101904,31,0.1688496473871198,0
3536000,35,0.16862724168956766,0
3109006,31,0.16856442696268054,0
3158706,31,0.16847209331950563,0
3128907,31,0.1682407185260104,0
3123007,31,0.16800951893755894,0
3555802,35,0.16786613687798804,0
4316204,43,0.16767656262790165,0
3149903,31,0.1676356972774755,0
4219606,42,0.16759433682912905,0
3553401,35,0.16741384642463616,0
3101631,31,0.16739082946886225,0
3501202,35,0.16733722389394218,0
2608107,26,0.1672175656195854,0
4312351,43,0.16718788683648791,0
5000807,50,0.16704371837367685,0
2512747,25,0.16701991244017353,0
3142502,31,0.16698653855175788,0
3151305,31,0.16692820599077282,0
3132909,31,0.16684434769030418,0
3501301,35,0.1668017899967871,0
3125408,31,0.16679553053962923,0
3109808,31,0.16678183324350337,0
5216452,52,0.16668442905322517,0
3521507,35,0.16664454153415617,0
5101704,51,0.1664399821326806,0
3160900,31,0.1664248236684248,0
3145703,31,0.16620403221029864,0
2614808,26,0.1661860799534795,0
2602308,26,0.16616481801339317,0
3156403,31,0.1661180323471695,0
3200169,32,0.16597567091454823,0
4306957,43,0.16567508833402536,0
3517703,35,0.16564007951362364,0
3203502,32,0.16560257648806295,0
3141801,31,0.16539306107104873,0
3105608,31,0.1651249234297303,0
3158409,31,0.16496497838311888,0
3133808,31,0.16490164240635896,0
3150539,31,0.1648671484861178,0
3100203,31,0.16485815053540512,0
2104701,21,0.16484687749026233,0
4310900,43,0.1646359780525573,0
2206308,22,0.16457829368723756,0
3105905,31,0.16442670339817836,0
3117900,31,0.16406954338182786,0
2515930,25,0.1638743019200374,0
3535002,35,0.16382023067170448,0
3168903,31,0.16346734735794444,0
3142601,31,0.16330834051251059,0
5212600,52,0.16325485927489236,0
3145109,31,0.16318754175372846,0
3154002,31,0.1628133225362864,0
3169109,31,0.16256701601936216,0
3114600,31,0.16249822618883825,0
3508306,35,0.16218798978934038,0
2510709,25,0.16213439541576263,0
3503406,35,0.16205227304809333,0
3169356,31,0.16203167036849775,0
3506409,35,0.16184688495114266,0
5210208,52,0.16179309610928158,0
4318424,43,0.16166716139501316,0
4116406,41,0.16152670477784797,0
3140902,31,0.16152258613022655,0
3132800,31,0.16141753911431186,0
5214606,52,0.16138261585994015,0
3149606,31,0.1612595856912871,0
5219258,52,0.16118073566041918,0
3518206,35,0.16112010252605546,0
4208955,42,0.16095159265634945,0
5203203,52,0.16064844654663488,0
5100805,51,0.16048714217536658,0
2201051,22,0.1604222236449702,0
3516853,35,0.16026898836361753,0
5214838,52,0.16020180467725462,0
3143807,31,0.16016139184250577,0
5106851,51,0.1600234838439611,0
3523008,35,0.16001014102902486,0
3133105,31,0.15990183376093794,0
3128402,31,0.15990101429070125,0
2605905,26,0.1595300556053445,0
5004601,50,0.15948488669441874,0
3133501,31,0.15939371184144502,0
3541307,35,0.15935747502534153,0
3533304,35,0.1590219533544055,0
3109600,31,0.1589653189250209,0
5204706,52,0.15891871510275804,0
4311254,43,0.15873151821402456,0
5221601,52,0.1587119687630761,0
2204550,22,0.15868280402178545,0
3130606,31,0.15858525763199682,0
3163706,31,0.15834430416038942,0
5203500,52,0.15812224704106673,0
5209101,52,0.1578222108994828,0
2106300,21,0.15770861771229872,0
3145307,31,0.15767272386016418,0
4306759,43,0.1576543880975405,0
4119103,41,0.15760739459168588,0
3120706,31,0.15753427758464247,0
3202702,32,0.15744905514345436,0
3533908,35,0.15742169355288832,0
4117453,41,0.15733061709186924,0
3152600,31,0.15710910044889817,0
3154200,31,0.15659732127386727,0
3109501,31,0.15657157681989214,0
3149507,31,0.15656206016693452,0
5210562,52,0.1563721761689052,0
4204400,42,0.1559212577435711,0
3501806,35,0.15582067823678242,0
2203305,22,0.15580900057147604,0
3548104,35,0.15565150697833988,0
3122108,31,0.1554868835712121,0
3547601,35,0.15517661937498783,0
5203962,52,0.15500924926707804,0
4115739,41,0.1549354526265213,0
3138500,31,0.15439025852643762,0
4111605,41,0.1542036843096008,0
5207105,52,0.1541813571754723,0
1501725,15,0.15411189020828248,0
3503604,35,0.15391209069980638,0
3136207,31,0.1539100658858412,0
3515129,35,0.15385350253997948,0
3171071,31,0.15381170891821272,0
5204409,52,0.15380094013590004,0
4107124,41,0.1537558119359772,0
4305603,43,0.1537360077930898,0
4217956,42,0.15368298680585019,0
4128658,41,0.15367343533191719,0
3107604,31,0.15358595554758403,0
3520707,35,0.15322373162746822,0
5215652,52,0.15320489338899332,0
2608503,26,0.15319604697175246,0
4123600,41,0.15309274889278926,0
3532504,35,0.15309034598721996,0
5102694,51,0.15291810122079982,0
5208152,52,0.15287793389514662,0
4103958,41,0.1528211000476992,0
4102752,41,0.15274495604722796,0
3155207,31,0.1524586663372491,0
2613305,26,0.15176995772507215,0
3136900,31,0.15174144838755294,0
3146909,31,0.15167069231797325,0
3107802,31,0.15136111785667514,0
3144409,31,0.15115127814418347,0
4113734,41,0.15108341520312607,0
5216809,52,0.15081280586313114,0
4108205,41,0.15069017431035178,0
3204351,32,0.15056221922224358,0
4321006,43,0.15046128324977132,0
3147303,31,0.15036058565122304,0
3114501,31,0.15034846874829558,0
4124301,41,0.15011493714571647,0
3148756,31,0.15001102658146753,0
3151404,31,0.1499871699110112,0
3148509,31,0.14889835968108003,0
2601805,26,0.14887517235959874,0
3539004,35,0.14885920032625405,0
3135506,31,0.14884544545713668,0
3501103,35,0.14874152463496793,0
4216701,42,0.14816082910231174,0
3164704,31,0.14804868569610366,0
3136520,31,0.1479328953365284,0
4202131,42,0.1475103559416578,0
5211305,52,0.1472276309079233,0
3104452,31,0.14718867451951734,0
3112307,31,0.14713641676164627,0
3500808,35,0.14686552346414666,0
3159001,31,0.14683528228685927,0
3168051,31,0.14663332190365486,0
4120002,41,0.14646578669657193,0
5205307,52,0.14644218104537182,0
2209559,22,0.1463727089274275,0
3153103,31,0.14630097676255893,0
3129004,31,0.14613953224102666,0
1715150,17,0.1458029169732995,0
4208401,42,0.1458022567150908,0
3201407,32,0.1457255820733115,0
2106201,21,0.14562509760757858,0
3204658,32,0.14561688716801652,0
3147808,31,0.14551723133852593,0
4202875,42,0.1455023030455383,0
3138674,31,0.14541969512557745,0
3160504,31,0.1452796666550538,0
2210508,22,0.1452717800762257,0
5222203,52,0.1452656372729013,0
4110706,41,0.1450950948674196,0
2501534,25,0.1448118007072372,0
3105004,31,0.14479681938437805,0
2210102,22,0.14479199031781156,0
5218300,52,0.14476816388334995,0
3543709,35,0.14473576946788075,0
2702009,27,0.14455552666271407,0
4107850,41,0.1444342425121356,0
2210656,22,0.144328033182905,0
3166907,31,0.1443046410892774,0
2601508,26,0.1441814163256102,0
3518602,35,0.14406224248150534,0
5213509,52,0.14389252878400763,0
4217154,42,0.14380647317368783,0
2403905,24,0.14367901834725424,0
3141603,31,0.14320976784717387,0
3161700,31,0.14311282379494386,0
3171600,31,0.14301033788157058,0
3106655,31,0.14300003803306963,0
3104106,31,0.14240383901936662,0
4205159,42,0.14219480175114121,0
3154408,31,0.14194431236918376,0
2612802,26,0.14191766002189055,0
2107258,21,0.14176976200907782,0
5211206,52,0.14167306644725536,0
2111706,21,0.14136212913086013,0
2605459,26,0.1412913684446139,0
3140407,31,0.1411654014712987,0
3169703,31,0.14094575383116703,0
3116308,31,0.14089302424136682,0
3115102,31,0.140737681077634,0
3127503,31,0.1405546781728251,0
3130903,31,0.14001385421212797,0
3532603,35,0.14000782115838623,0
4213153,42,0.1398589709628075,0
3200904,32,0.13932690732273018,0
2515708,25,0.13928185972204188,0
4314498,43,0.13889683892043345,0
3164803,31,0.1387815225073981,0
3149804,31,0.138729410703255,0
3518305,35,0.13868918595843746,0
2101707,21,0.13844102126067387,0
3143450,31,0.1383262817528951,0
3150000,31,0.13791650467390904,0
4301701,43,0.13791544014494714,0
3555356,35,0.13786895497575383,0
3161650,31,0.13773175536732007,0
2602407,26,0.13756309023942953,0
5213087,52,0.13748547441113923,0
3155702,31,0.13744942983301728,0
4110656,41,0.1373908353500609,0
3515186,35,0.13736808567425496,0
3167806,31,0.13709826048957807,0
2705507,27,0.13692556451099855,0
2111953,21,0.13687492520629413,0
3533502,35,0.13687480895934098,0
2607000,26,0.136859781435351,0
3134806,31,0.1367613930692369,0
4306320,43,0.13666916571299137,0
3504206,35,0.13658075327614394,0
5215900,52,0.13651685026962887,0
5209150,52,0.13641252870519677,0
3161809,31,0.1363032055712778,0
4112405,41,0.13605544739035105,0
2104305,21,0.13592704691241755,0
5219738,52,0.13588305596175035,0
5213400,52,0.13585621327276673,0
5218508,52,0.13585164620964515,0
4205555,42,0.13580522601871076,0
2615706,26,0.13579174350680331,0
3163201,31,0.13570134005838275,0
4108551,41,0.1356439514035011,0
3203106,32,0.13542685725523856,0
2507804,25,0.13539357997895712,0
3126208,31,0.1352237351666835,0
3159407,31,0.13494652379282115,0
3167400,31,0.13492969122114187,0
5204250,52,0.13470974673816347,0
3540408,35,0.13453049781084234,0
3129103,31,0.13443899210983337,0
5208905,52,0.13437039560600741,0
4120705,41,0.1339119420265099,0
3143153,31,0.13353502755582033,0
3169406,31,0.13353009002600502,0
4207650,42,0.1334678758163944,0
3138682,31,0.13341677641907523,0
3504404,35,0.13339280466456532,0
3170578,31,0.13311150427944923,0
2105922,21,0.13307304803164677,0
3102100,31,0.1328633800215935,0
3156304,31,0.1325681502885255,0
2615300,26,0.13243202796996656,0
4215554,42,0.1324121120542542,0
5003900,50,0.13229254008433983,0
3520442,35,0.1322772895228641,0
3535200,35,0.13227045641876298,0
2202802,22,0.13225539425588273,0
5210307,52,0.13200394628145531,0
5107743,51,0.13195155582074378,0
4100301,41,0.13180199507393164,0
3146552,31,0.13163280819379897,0
3201902,32,0.13153018783896542,0
3149002,31,0.13147218121777146,0
3126950,31,0.13145513880912293,0
3145372,31,0.13097062011023197,0
3202009,32,0.13057468227190447,0
3200409,32,0.13031604105330713,0
3125507,31,0.13006632330839657,0
3203346,32,0.13004417522608644,0
3165206,31,0.12957078894850654,0
3137403,31,0.12954854163561744,0
5221452,52,0.12946356366619682,0
3549003,35,0.1293251835376995,0
3533809,35,0.12891212746361133,0
2211407,22,0.128898460867907,0
3146255,31,0.1286987472466262,0
5213756,52,0.1285016735898699,0
2205003,22,0.12839039467124258,0
3504800,35,0.12786716298290232,0
2204600,22,0.12771620113673776,0
3522703,35,0.1277131207637099,0
4110508,41,0.12765610933959212,0
3162708,31,0.12752475227211268,0
3541208,35,0.12729957700269043,0
3123908,31,0.1272250745751431,0
2201919,22,0.12713088108405343,0
5220702,52,0.1271045070147315,0
3548203,35,0.12699901136868352,0
3119104,31,0.12697053805726258,0
2501708,25,0.1269640210691401,0
3553609,35,0.12671300734509924,0
5212204,52,0.126655445136748,0
2509339,25,0.1262269119342424,0
2609006,26,0.1261013453262649,0
5103601,51,0.12608322096996674,0
3542107,35,0.12593280917634486,0
3103009,31,0.1258837195611737,0
5213053,52,0.12586700932753267,0
3503703,35,0.12570088233224272,0
3512704,35,0.12539698752316777,0
2101970,21,0.1253561336327711,0
3145604,31,0.12530016666816482,0
3116704,31,0.12518143153340594,0
3158300,31,0.1251781888534958,0
1715754,17,0.12497454274183939,0
3538204,35,0.12494613854108459,0
3513850,35,0.12489227679543476,0
2705903,27,0.12488852358796364,0
3204054,32,0.12487891243629179,0
3163508,31,0.12474711079128345,0
3544400,35,0.1247321398254182,0
3142304,31,0.12472647368431,0
3108701,31,0.12468232282204829,0
3510153,35,0.12462772769215595,0
3138351,31,0.12459716748338678,0
3120201,31,0.12452792930533078,0
2300408,23,0.12447678992481818,0
4120150,41,0.12440698383844542,0
3544509,35,0.12405424221490473,0
3165107,31,0.12383601304131173,0
2504355,25,0.12380960280288132,0
4217303,42,0.12376569877364585,0
5210901,52,0.12364106455294506,0
5104542,51,0.12342220130927689,0
2104107,21,0.12313025534449706,0
5210406,52,0.12300694564503661,0
3135902,31,0.12297738900141378,0
3105301,31,0.12292990990723272,0
3105707,31,0.1228595802687954,0
5219209,52,0.12260150926510234,0
3551306,35,0.12244859918380359,0
2602506,26,0.12243398887138797,0
3127370,31,0.12240783740218343,0
3161205,31,0.1223739124384028,0
3140506,31,0.12206106277768784,0
2201945,22,0.12188889695990203,0
3103306,31,0.12160025134978847,0
4315206,43,0.12159133849634032,0
4312385,43,0.12128112282683129,0
2305407,23,0.12104788882955818,0
5213103,52,0.12099937359381267,0
2210607,22,0.12090957018061524,0
4127007,41,0.1206102405427743,0
2605152,26,0.1204380606004181,0
3120102,31,0.12043320428085467,0
3502705,35,0.12034312004278758,0
4306072,43,0.12013612257203914,0
5106299,51,0.12013511231771257,0
4107553,41,0.12011077517483411,0
2210375,22,0.12001054930794146,0
3204955,32,0.11994190289858139,0
4318432,43,0.11991425139463045,0
3168002,31,0.1198896638493961,0
5106208,51,0.11972583637962338,0
3137502,31,0.11957900310910989,0
3120508,31,0.11957449898235013,0
3519006,35,0.1194892517870166,0
5107404,51,0.11936696794495494,0
3203700,32,0.1193112533164052,0
4107546,41,0.11930223248268983,0
3100807,31,0.11894141115933826,0
5209952,52,0.11862313343457903,0
2205904,22,0.11861109046573498,0
2202539,22,0.11860605522996227,0
3108404,31,0.11799062277642407,0
2205300,22,0.11793917210220935,0
3150406,31,0.11792799727544079,0
3201803,32,0.11780451212925873,0
3541505,35,0.11741660658683421,0
5212253,52,0.11711475333435824,0
5000856,50,0.11709512147289215,0
4103008,41,0.1165854221305871,0
2308708,23,0.11644272918905314,0
2103125,21,0.11624777035684639,0
2300903,23,0.11624120699679713,0
5211701,52,0.11623748672438146,0
4122305,41,0.11598815317299128,0
3148400,31,0.1159855774664516,0
3108008,31,0.1159793423833752,0
4118451,41,0.11554626197522236,0
3146404,31,0.1154367730113298,0
3159100,31,0.1152387150637883,0
3116605,31,0.11504057951674512,0
3166204,31,0.1149951718913611,0
4119004,41,0.11498797187154589,0
2307106,23,0.11498416277877578,0
3536406,35,0.11496170001366404,0
2111607,21,0.11495175526402814,0
3105509,31,0.11469588335558502,0
2512036,25,0.11460987558625127,0
2616506,26,0.11457366922138451,0
3151008,31,0.11451168926601003,0
3102050,31,0.11450084292326718,0
5107925,51,0.11431508762565495,0
5200902,52,0.11420621914143918,0
4126405,41,0.11418954779507222,0
3537701,35,0.11413160345425422,0
3551207,35,0.11401595306282797,0
3517901,35,0.11390098340036622,0
3139904,31,0.11382915301450022,0
3141306,31,0.11371356036220476,0
5203559,52,0.11353754323726704,0
5201454,52,0.11313499426946876,0
3122702,31,0.11276422036127182,0
4102208,41,0.11274450368539296,0
5107883,51,0.11271725052561438,0
2206951,22,0.11271434485566466,0
5103957,51,0.11270209282540093,0
4322905,43,0.11268277716876217,0
2209450,22,0.11224620645836723,0
3137205,31,0.11180437439222239,0
3161007,31,0.11167229150331262,0
5208608,52,0.1116154344422259,0
2306405,23,0.1113954423510446,0
2103158,21,0.11122561037230176,0
3130556,31,0.11116129863864915,0
3138807,31,0.11077546758206401,0
3534807,35,0.11058345172726146,0
2612307,26,0.11058129405814057,0
4315552,43,0.11052599290331881,0
3502606,35,0.11051183866828908,0
3133204,31,0.11031383782384081,0
4117206,41,0.10980005309384577,0
2201739,22,0.10979876352353216,0
5106174,51,0.10979152413026735,0
3161502,31,0.10960611352395826,0
3160405,31,0.10957682878260942,0
5206701,52,0.10950610742718817,0
5210000,52,0.10944712391955257,0
4313359,43,0.1093145858072986,0
5106109,51,0.1091933061574446,0
2605103,26,0.10914269195542921,0
3104304,31,0.1088781441912372,0
5220058,52,0.10880236927274414,0
3539707,35,0.10876293136394721,0
5211800,52,0.10870380345388458,0
3200300,32,0.10855413743457248,0
5206305,52,0.10838892472484261,0
3101409,31,0.1081965092491526,0
5203104,52,0.10804540643203665,0
3159209,31,0.10764758761584284,0
3202900,32,0.10751202472107793,0
3115805,31,0.10737619681049489,0
3527504,35,0.10719992020605008,0
3102852,31,0.10710026305112368,0
5213004,52,0.1069871793406267,0
5203609,52,0.10697001150364335,0
3147956,31,0.106625221362844,0
3163409,31,0.10662098590218606,0
3122801,31,0.10615511468203222,0
5212907,52,0.10611652260142532,0
5214408,52,0.10608523669409213,0
3528205,35,0.10585954679915914,0
2607752,26,0.10584977703647862,0
2110039,21,0.10579906906774314,0
3141207,31,0.105689385775837,0
2202174,22,0.10567784080570165,0
3201001,32,0.10514882324133108,0
5217708,52,0.10454363916004462,0
3520004,35,0.10452714498475002,0
3167004,31,0.10448653150777033,0
3133907,31,0.10427849413096349,0
3162203,31,0.10393742923845077,0
3100500,31,0.10382459030711325,0
3205176,32,0.10381587361775584,0
5222054,52,0.10372316106611167,0
2615904,26,0.10361831627530796,0
3144508,31,0.10356068766453536,0
3168309,31,0.10355023312777255,0
3201159,32,0.10332745806606937,0
2301307,23,0.10308051851508399,0
4123105,41,0.10303922637094005,0
3533700,35,0.1030239854809861,0
3157658,31,0.103001761364131,0
3556107,35,0.1029412817714067,0
3120409,31,0.10291299675611328,0
3105202,31,0.1028406681210738,0
4107538,41,0.10266417939509492,0
2603405,26,0.10263984719994236,0
3532843,35,0.10235917326619036,0
4106555,41,0.10218267036772843,0
3505302,35,0.10215388206082085,0
2606903,26,0.101975274559127,0
3114303,31,0.10122793281472052,0
2616183,26,0.10112719105244251,0
3170651,31,0.10096296442376151,0
2706000,27,0.10088986285484446,0
4323705,43,0.10080881816372414,0
2508406,25,0.10077996232619739,0
3166303,31,0.10064202936528796,0
3111705,31,0.10057518885647512,0
3132503,31,0.10036638670770957,0
3514924,35,0.10031163018040287,0
3102001,31,0.10028031547238095,0
3164100,31,0.10025003023583613,0
2515005,25,0.10024446825017137,0
3200201,32,0.10014598437579407,0
2200053,22,0.10012845606019444,0
5200159,52,0.10008874575783593,0
3535903,35,0.0999989030742059,0
4124202,41,0.09992255406640144,0
3123304,31,0.09973353091992634,0
3547700,35,0.09968535073184565,0
3166600,31,0.0994847408715593,0
3506508,35,0.09945388031470537,0
2301505,23,0.0993259946817956,0
5200175,52,0.09928006275122066,0
2207405,22,0.09919801785077315,0
4204459,42,0.09897579007457101,0
3164407,31,0.09887046359110559,0
2607950,26,0.09886834447263225,0
2506251,25,0.09880317123618525,0
3146008,31,0.09836330655978215,0
5211602,52,0.09807080019043703,0
2703502,27,0.0980699027771911,0
5212808,52,0.09755385742541355,0
3535705,35,0.09754053449654859,0
3101201,31,0.09717671430778034,0
2310001,23,0.0966720784915411,0
3164431,31,0.09658615431787315,0
4124905,41,0.096127284992669,0
3200359,32,0.09610532687161392,0
3513702,35,0.09609537876939933,0
5008305,50,0.09590173403945176,0
5205000,52,0.09589330301108566,0
3106507,31,0.09589015213107172,0
5204854,52,0.09583824425886554,0
3122207,31,0.09581139499618717,0
3115003,31,0.09571149133089786,0
3537404,35,0.09569908722852516,0
3204005,32,0.09566885420370298,0
3201704,32,0.09558166050628378,0
2104008,21,0.09556947518309411,0
3127909,31,0.09500873650270224,0
2307502,23,0.09464419476326817,0
3106606,31,0.09464268265549328,0
3205069,32,0.09459872462861127,0
3517307,35,0.09453744474363972,0
4117271,41,0.09443239205846293,0
4103156,41,0.09442425067065983,0
3552551,35,0.09439409030439729,0
2209609,22,0.09430246015376254,0
3165909,31,0.09417433872318628,0
3169208,31,0.09374914857690742,0
3114105,31,0.09373789662985489,0
3515400,35,0.09372102042417925,0
5101852,51,0.09361034160807474,0
5210802,52,0.09338146863021424,0
3127800,31,0.09326640904168072,0
3531605,35,0.09324398544614193,0
3104205,31,0.09317722379306245,0
3171154,31,0.09317513695163189,0
3126000,31,0.0925282921289695,0
2203008,22,0.09248707993593806,0
4313003,43,0.09231324479587599,0
3153806,31,0.09218718992021088,0
3202108,32,0.09205694142788325,0
2205573,22,0.09202917201369724,0
3509809,35,0.0920185751102931,0
2515906,25,0.09194521336977127,0
2103257,21,0.09193753692582095,0
5215504,52,0.09189580514603798,0
5210604,52,0.09183545669463242,0
4113908,41,0.09183335919141616,0
2104628,21,0.09174712286829129,0
3543105,35,0.09145780394504888,0
4122008,41,0.09144809479850215,0
2602704,26,0.09143243500976192,0
5221551,52,0.09131857259951803,0
2200806,22,0.09130654020800061,0
3165503,31,0.09120124762358056,0
2605400,26,0.09119893384063943,0
4103024,41,0.09112668853640742,0
4315073,43,0.09100956630478577,0
4309506,43,0.09086386923312192,0
3103801,31,0.09028524125584288,0
5220157,52,0.09025141309028348,0
2203404,22,0.09022832504692643,0
4315354,43,0.0901790527349684,0
3104601,31,0.09016186394580615,0
2104099,21,0.09001493559553764,0
2504074,25,0.08995349062516925,0
3170479,31,0.08981211299732325,0
5209937,52,0.08957576439012305,0
2507101,25,0.0894775380498559,0
3160603,31,0.08947452954823253,0
3534500,35,0.08889548257567105,0
3554300,35,0.0887961509251046,0
3111200,31,0.08875825927723092,0
5220280,52,0.0885698100601615,0
3202553,32,0.08833010772472571,0
4122800,41,0.08755833541149745,0
3539608,35,0.08746877363500911,0
3555208,35,0.08720111814794172,0
2105203,21,0.0871919152380688,0
3511201,35,0.08670851818345128,0
3136603,31,0.0865034962574526,0
4215687,42,0.086239246947201,0
5220009,52,0.08618322831349155,0
3506201,35,0.08614235266663942,0
3165560,31,0.08595000579440594,0
3139003,31,0.08575682797633973,0
3148905,31,0.08574313187425191,0
4310579,43,0.08553846877138789,0
2100105,21,0.08533975092132914,0
3204559,32,0.08498338544443086,0
3518909,35,0.08495558285030855,0
4108650,41,0.08490502139052122,0
3521705,35,0.08485427292618615,0
4307450,43,0.08466294035851735,0
3109253,31,0.0843791296854031,0
2612471,26,0.08433352223429758,0
2210706,22,0.08403620099796696,0
3164902,31,0.08399398439752435,0
3117603,31,0.0839542329582397,0
3169059,31,0.08389850632704968,0
3530201,35,0.08373122292178918,0
5214804,52,0.08369555523040474,0
2604155,26,0.08323072608169646,0
2108108,21,0.08315104067803963,0
3531001,35,0.08304107146406078,0
2413805,24,0.08278233268003185,0
5218904,52,0.08275897753953318,0
2612000,26,0.08269321137948844,0
2301703,23,0.08257549344420745,0
3516101,35,0.08219117429798756,0
3100104,31,0.08199807710279862,0
2105948,21,0.08181184583448306,0
2203206,22,0.08174027948059273,0
5007976,50,0.08148128926374358,0
5214051,52,0.08144393023773272,0
3548401,35,0.08124295903952419,0
3516507,35,0.08115565017443606,0
2516706,25,0.0810253337047502,0
2509503,25,0.08099259736595087,0
2514800,25,0.08017326316524252,0
3111903,31,0.08004723728193046,0
2200954,22,0.07998840599263683,0
3544251,35,0.07986276168494175,0
3204104,32,0.07980162383727647,0
2305357,23,0.07952961357143622,0
2605004,26,0.07949414926981876,0
3155306,31,0.07944882207313991,0
3526001,35,0.07934711355963461,0
5202353,52,0.07922828314941843,0
3555604,35,0.07907114091007927,0
3535101,35,0.07889229699864188,0
3500204,35,0.0781599381234359,0
3542305,35,0.07726548956681174,0
4206751,42,0.07722666713854127,0
3203908,32,0.07708657931502336,0
3133758,31,0.0764502175672331,0
4106852,41,0.07635664153221847,0
2205250,22,0.07631554419624673,0
2607109,26,0.07600652871083602,0
5220603,52,0.0759358299457554,0
3155603,31,0.07568889527829605,0
5207352,52,0.07550283383344887,0
4101150,41,0.07527951883876913,0
3170750,31,0.07525758365041546,0
2205359,22,0.07517464355135418,0
3533106,35,0.07504538878497045,0
2105807,21,0.07478757239564084,0
2102754,21,0.07475793557909893,0
2517001,25,0.07462312940264029,0
2513653,25,0.07457301301035471,0
2202752,22,0.07441764058347645,0
4200556,42,0.07432916129819168,0
2601300,26,0.0742863625315154,0
3160108,31,0.0741455390100489,0
2607703,26,0.07410247805859245,0
5205513,52,0.0740327784574367,0
5219456,52,0.07403072640179072,0
2210631,22,0.07381174537726537,0
2102077,21,0.07378830030636696,0
3157302,31,0.07372035352060191,0
2206001,22,0.07368178556668076,0
2308302,23,0.07348688779328442,0
5205471,52,0.07318164229026738,0
5222005,52,0.07304273017325091,0
3517109,35,0.07295555119609833,0
3132206,31,0.07294361439536931,0
2301851,23,0.07283553766908225,0
3121001,31,0.07277152608796883,0
3103702,31,0.07270353525956703,0
5103452,51,0.0721576342879121,0
3527108,35,0.07209974403503021,0
2202604,22,0.0720515818947061,0
2608701,26,0.07190798671863466,0
3530003,35,0.07125891497223708,0
3130804,31,0.07124717784899857,0
2205102,22,0.07104147494886691,0
4323606,43,0.07081839623743705,0
2701001,27,0.07078169745888764,0
3152709,31,0.07035524423517962,0
5203807,52,0.07030295852515503,0
5218789,52,0.07025442258443686,0
4321329,43,0.06996942318209888,0
4315057,43,0.06992663612127903,0
5204300,52,0.06963475088103135,0
3121506,31,0.06952062589000395,0
3132008,31,0.06950289092143314,0
2307205,23,0.06924643889900885,0
3519105,35,0.06909225418476783,0
2106003,21,0.06886908090964035,0
2609709,26,0.06804052025243547,0
3120607,31,0.06760320219730055,0
3533205,35,0.06758706293285982,0
3146503,31,0.06742404224116404,0
5221908,52,0.06739026327266552,0
3122900,31,0.06705294031385199,0
2105963,21,0.06695658196256686,0
3509106,35,0.06639692398375147,0
4117297,41,0.06639323425804165,0
2516508,25,0.06598948013655354,0
2208700,22,0.06578037971140496,0
2309706,23,0.06564304180122293,0
4112603,41,0.06559643768604485,0
2611533,26,0.06548943002763631,0
3129400,31,0.06464348043693008,0
2313351,23,0.06454163472602971,0
3145455,31,0.06412885778936223,0
3125200,31,0.06404109121508492,0
5200829,52,0.06384034386291693,0
5214861,52,0.06363760702556014,0
2307650,23,0.06361055860670672,0
4305405,43,0.06310079579929957,0
4115853,41,0.06294555776823826,0
3203601,32,0.06291110444888118,0
4207577,42,0.06282974137654118,0
3103900,31,0.06277817328442112,0
3161908,31,0.06277760462593926,0
3501509,35,0.06274713023606206,0
2112233,21,0.06231949870084152,0
4210902,42,0.06179614081893336,0
3119708,31,0.061767420218674485,0
5108204,51,0.06169539162765825,0
3110400,31,0.06167142745560971,0
2614402,26,0.06164836825288185,0
3536901,35,0.06157896150009535,0
3166006,31,0.06145000904048039,0
5208103,52,0.06139502175198115,0
4216255,42,0.06135482331875358,0
2208304,22,0.061304572734176034,0
2202251,22,0.061151528335115536,0
4202578,42,0.060964018412487817,0
3503356,35,0.06088538517445399,0
2203701,22,0.060563380685159346,0
2202455,22,0.06051714611587361,0
3135407,31,0.06033005873552595,0
5106455,51,0.060151193080194294,0
3101300,31,0.059747128006654444,0
3521903,35,0.059714868569749946,0
3167301,31,0.05970234867864838,0
3151909,31,0.05947236618934158,0
2603900,26,0.05929842091236955,0
4204756,42,0.05929569340377838,0
3165701,31,0.05928443637665488,0
3102209,31,0.05928286912773595,0
5206800,52,0.05923216241841247,0
3200102,32,0.058973024095165576,0
3112000,31,0.058909097700752616,0
3127602,31,0.058716958694831525,0
5203939,52,0.05852419906182303,0
2101939,21,0.05848319558070502,0
2200301,22,0.0584654068894149,0
2304954,23,0.05737843707735866,0
3507407,35,0.057361239433515746,0
3152303,31,0.0570584905120994,0
2508554,25,0.05684860424349002,0
3137908,31,0.056684036302729134,0
3158805,31,0.0565857901122778,0
2204006,22,0.056504280436627696,0
3116803,31,0.05627036771807042,0
1706258,17,0.05624751897211137,0
2311900,23,0.05621645204850306,0
3138708,31,0.05605620525423382,0
3136579,31,0.05599536835329373,0
3124708,31,0.05545876993677439,0
2207108,22,0.05523259063041836,0
4215604,42,0.05485145911464498,0
2300754,23,0.054648770846338575,0
2202703,22,0.054537032473016125,0
2302206,23,0.05448857205072089,0
3515301,35,0.05420503042615859,0
5202601,52,0.05412111957148044,0
3515608,35,0.05390355421175831,0
5219704,52,0.05377143938027317,0
5221502,52,0.05316679593788335,0
5218805,52,0.05302954617337958,0
2209971,22,0.05262322346460662,0
2510402,25,0.05233401732152014,0
2201150,22,0.0521875465637467,0
3121100,31,0.0520459881403405,0
3200136,32,0.05189226791856229,0
2504850,25,0.05167955854813408,0
2300150,23,0.05145146437324204,0
3203163,32,0.051333996126790286,0
5205059,52,0.05122533284252208,0
5220207,52,0.051098893875812595,0
3155009,31,0.05107747210102464,0
2503100,25,0.05106026485940837,0
3163904,31,0.05086679147957633,0
5204003,52,0.050827459680892674,0
2513208,25,0.05082740630023681,0
2511103,25,0.05076096117723006,0
5108956,51,0.05069003290892597,0
2308401,23,0.05062947353772886,0
5214879,52,0.050579780403638884,0
3114709,31,0.050426731494021014,0
2313807,23,0.05027637488084695,0
4119251,41,0.050238939850924334,0
3130655,31,0.05000102822401165,0
2307700,23,0.05000070021775183,0
3119955,31,0.0498467451331705,0
3146602,31,0.04959263555633098,0
3544202,35,0.049385096343719286,0
5213855,52,0.049236756152436015,0
2106672,21,0.04890055696460131,0
5219001,52,0.04874277827151508,0
5215256,52,0.048690109162046774,0
3148301,31,0.04861424993540999,0
5204607,52,0.04808311316027432,0
2310852,23,0.04797397443471548,0
2604908,26,0.04774549979592932,0
4201273,42,0.047007853743703726,0
2308104,23,0.04685893427109443,0
3557154,35,0.046323061563226645,0
4217550,42,0.045980576727963636,0
4319364,43,0.04587045477248309,0
3147501,31,0.04572411318075761,0
4315131,43,0.04571982016812795,0
2501351,25,0.04543186780774531,0
2313757,23,0.04538677942758356,0
2205409,22,0.04506829757920043,0
2203107,22,0.044494618823088083,0
5212055,52,0.04447792960884277,0
2303501,23,0.043984068083845695,0
5219605,52,0.04397548811261263,0
3168200,31,0.04373453373288018,0
2309458,23,0.04339976794445701,0
2302909,23,0.04323764080491592,0
3547007,35,0.04316913801240754,0
2209906,22,0.042950416648867513,0
3203304,32,0.04279611911097589,0
5219712,52,0.04271379867429599,0
2702306,27,0.042066232895866966,0
3114907,31,0.042057094590361006,0
3150505,31,0.04195443968739252,0
3542503,35,0.04188654944420195,0
2209500,22,0.04184042025931477,0
3106408,31,0.04180410122041774,0
3534757,35,0.041566384343680166,0
5218706,52,0.04139923130448934,0
5210158,52,0.041310259471817275,0
3130309,31,0.041015724932439254,0
2313104,23,0.04094376652839067,0
3548302,35,0.04079737777002043,0
5104203,51,0.040740374932179024,0
3514700,35,0.04072610733084944,0
2208908,22,0.040049687463440765,0
2306256,23,0.04000771774910993,0
2302701,23,0.039928615843384106,0
5107248,51,0.03972535694554228,0
3547106,35,0.03961722481321967,0
2205151,22,0.03950548748102152,0
2512309,25,0.039112497053412236,0
2303204,23,0.0389345407000957,0
2611903,26,0.03893331868375921,0
2203453,22,0.038839311633348146,0
2501104,25,0.03866822821919316,0
5212006,52,0.03854244545609624,0
2111748,21,0.038510235259886456,0
5107750,51,0.038478399197854334,0
2301406,23,0.03785303218557275,0
2112704,21,0.03776885803572952,0
2303600,23,0.03774982697679481,0
2505709,25,0.03761296702305627,0
3165008,31,0.037382824503872404,0
2205524,22,0.037302402201344065,0
5211404,52,0.037248728789142656,0
2310308,23,0.03672010571249282,0
2301000,23,0.0365449144312723,0
2207850,22,0.03646755572334602,0
5103437,51,0.03629277225856553,0
5209291,52,0.03621407558841896,0
5215405,52,0.03551184976052196,0
5202809,52,0.035322351593639584,0
2302107,23,0.035312454701445055,0
3545506,35,0.035220237181186616,0
3546504,35,0.03506360484081621,0
3535408,35,0.03472115928059836,0
5219506,52,0.03465108546290803,0
2205953,22,0.03447677872164852,0
2201176,22,0.03447580782949852,0
3553955,35,0.03437210816123513,0
2313401,23,0.03402831645807559,0
2708303,27,0.03387670792487744,0
2301208,23,0.03345393641827532,0
2210300,22,0.033158262685115375,0
5106281,51,0.033093751700147854,0
3540853,35,0.032743845584227466,0
5216304,52,0.03243480770062721,0
2309607,23,0.032169590817376234,0
2205276,22,0.032121701733362415,0
3540101,35,0.032100083305647426,0
2504405,25,0.03203616561887555,0
2300101,23,0.03202440436850837,0
3528858,35,0.03202356978357301,0
3528809,35,0.03105577222405727,0
2709301,27,0.030914276635211124,0
2509602,25,0.030912741803659445,0
5201603,52,0.030748790250543393,0
2609105,26,0.02997810306892915,0
5200506,52,0.029967445787816276,0
2513000,25,0.029783215802640838,0
2304400,23,0.029708624932949523,0
3119906,31,0.029641422444237453,0
2708105,27,0.029228906156422065,0
3166956,31,0.02917288415722228,0
2106375,21,0.02905546614922077,0
3126505,31,0.028831424788051847,0
3510104,35,0.02867302551254925,0
2703759,27,0.02865343616640932,0
2603926,26,0.02862971059517305,0
2610202,26,0.028542380567293784,0
2205540,22,0.028436266555497077,0
2500403,25,0.028300032643486222,0
2202729,22,0.0281276085924082,0
2305803,23,0.028039368868037762,0
2313708,23,0.027991675495611573,0
2309508,23,0.027463314981800595,0
3528106,35,0.02727032624619487,0
2203420,22,0.027239096189893394,0
2612109,26,0.026368931840032105,0
3106804,31,0.026286605029478327,0
5221700,52,0.026048767533897753,0
5207501,52,0.025985058657082977,0
3536257,35,0.025805645133234325,0
5205703,52,0.025079245333610712,0
2303402,23,0.025051403901667376,0
5214705,52,0.024946013012406076,0
2307601,23,0.024646217167418615,0
2307007,23,0.024526978742891867,0
2308377,23,0.024186830315376513,0
2306306,23,0.024179180304973243,0
2312403,23,0.02417812136844494,0
5219100,52,0.023866325561793463,0
2311355,23,0.023563677663317538,0
3528304,35,0.02339867626642201,0
2201556,22,0.023366397213904863,0
3543238,35,0.02297484303608457,0
3555901,35,0.0229154525214996,0
2512507,25,0.02289914979982724,0
2301901,23,0.02277988193304411,0
2502052,25,0.022395240847804476,0
2513505,25,0.02225340884032387,0
2504108,25,0.022091337560281855,0
3520806,35,0.02206642095363883,0
3514007,35,0.022030292517436458,0
3544707,35,0.0218004538493547,0
3503950,35,0.021630041816288952,0
5218607,52,0.02162752742904459,0
2306900,23,0.021600252227198587,0
2305704,23,0.021051238176196776,0
2201988,22,0.0208659188281696,0
2200202,22,0.020753254993906334,0
3515905,35,0.02062874089990752,0
2513984,25,0.020513636434460854,0
3549300,35,0.020300414334928612,0
3160959,31,0.020088145304388582,0
5205406,52,0.019894982165264436,0
3555109,35,0.01946613377687142,0
2311504,23,0.01919563908582013,0
2309102,23,0.018912708611329716,0
2509156,25,0.01862519841617529,0
2307403,23,0.018528336640974946,0
2203230,22,0.018361065537455493,0
2200608,22,0.018140427642780073,0
5201306,52,0.018124774399706663,0
2206902,22,0.018001876999980838,0
3507753,35,0.01787089302290311,0
2209955,22,0.017830516744501302,0
3532108,35,0.017493530545303983,0
2206753,22,0.017408450655023364,0
2311801,23,0.01738962496230059,0
2306504,23,0.01614965835083574,0
3547650,35,0.01601296067872186,0
2513307,25,0.01595614023406854,0
5209457,52,0.015877075319001416,0
2302404,23,0.015862088874278854,0
2303907,23,0.015733214287861355,0
2700904,27,0.015575241271553932,0
2209856,22,0.015455930213109984,0
5207600,52,0.015088553621554465,0
2202133,22,0.014869239611069267,0
2210052,22,0.014645146345712427,0
3546108,35,0.014562323555264278,0
2202737,22,0.01447551942807075,0
2301950,23,0.013991376076148473,0
3521606,35,0.013952924308631633,0
3149408,31,0.013952886239048787,0
3537107,35,0.013899574355804196,0
2202026,22,0.013761934402889562,0
2302800,23,0.01337350095116765,0
3529104,35,0.013017343856561106,0
2311306,23,0.012826528985014778,0
2306553,23,0.012785407972057843,0
2303303,23,0.012558298165738844,0
2314102,23,0.012466374512364058,0
2310100,23,0.012412061872888194,0
2306801,23,0.012265351760975226,0
2300804,23,0.012161843478804347,0
2314003,23,0.012144769180028171,0
2306009,23,0.012142159003050015,0
2506509,25,0.012101388250349659,0
5101001,51,0.011877950838123156,0
2311603,23,0.011524842434828412,0
2210201,22,0.011447229390306174,0
5106703,51,0.011409236778250913,0
2304459,23,0.01138032274712748,0
2211605,22,0.011308604679661617,0
2302503,23,0.011306641337145729,0
2311207,23,0.010795926834523923,0
2301109,23,0.010700817252102458,0
2304285,23,0.010489674231226825,0
2304806,23,0.010160918335426544,0
2313500,23,0.010107248914722958,0
2313252,23,0.01010691038221177,0
2306207,23,0.009936450807302296,0
2304277,23,0.009850044836503638,0
5214101,52,0.00980669897396327,0
2301802,23,0.00970700355091566,0
3552601,35,0.009560449852932442,0
2101350,21,0.00942304546523091,0
2205532,22,0.009337634390986331,0
2308500,23,0.009197672644639632,0
2204303,22,0.00912400822745159,0
2204154,22,0.008955204598448839,0
2312304,23,0.008669579048355688,0
2201572,22,0.008622945023467962,0
2504207,25,0.008608887470647532,0
2311108,23,0.008538050905743295,0
2309805,23,0.008458456545380721,0
2208858,22,0.008231055333275178,0
2310407,23,0.007992881677420594,0
2201002,22,0.007916574097355232,0
2313302,23,0.007759867584711292,0
2313559,23,0.007633792271960263,0
2310704,23,0.007599002820882506,0
2505006,25,0.007457429030691772,0
5101209,51,0.007323427273683248,0
2313609,23,0.006851613168196349,0
2306702,23,0.006808967940824854,0
2310258,23,0.006804856039603924,0
2303956,23,0.0067053313135438915,0
2304103,23,0.006692225594828855,0
2308005,23,0.006629027684309245,0
2305308,23,0.006626852606491738,0
2310803,23,0.006464512211722913,0
2300705,23,0.006443232257014776,0
2304905,23,0.006428417014896298,0
2304269,23,0.006378361195746499,0
2204808,22,0.00637699801060064,0
2302057,23,0.006372855679755734,0
2306108,23,0.006346610353035329,0
2311959,23,0.00598909889975523,0
2312205,23,0.005907504906022418,0
5213905,52,0.005903650976359661,0
2311009,23,0.005883896730696595,0
2307809,23,0.00585879517404911,0
2310209,23,0.005842292573527307,0
2300200,23,0.005695749767924268,0
2302602,23,0.005666979038187903,0
2312106,23,0.005630409861973595,0
2300606,23,0.005414013990453317,0
3504701,35,0.00537990394071219,0
2209104,22,0.005204770610621378,0
2308609,23,0.00519189092577756,0
2305233,23,0.0051868988556052565,0
2307635,23,0.005042938505193696,0
2202109,22,0.004955682851743837,0
2205607,22,0.004884519533291199,0
2304202,23,0.004809444999135205,0
2308807,23,0.0047312607495470765,0
2510600,25,0.004658165638307602,0
2311264,23,0.004635201167269132,0
2303931,23,0.004620562622560703,0
2308351,23,0.00461685693417441,0
2303808,23,0.004551946333923947,0
2312502,23,0.0045068316082512595,0
2305001,23,0.0043823765742571396,0
2305332,23,0.0043395042837032615,0
2307254,23,0.004319662467487806,0
2305100,23,0.0042846923614610075,0
2312007,23,0.0041259781703520395,0
5102793,51,0.004066937859288108,0
2202091,22,0.004058629560351077,0
2304509,23,0.004017217293608222,0
2201903,22,0.00379925001842655,0
2312700,23,0.00375707156469793,0
2305902,23,0.0036455280013560046,0
2304301,23,0.003629898550844741,0
2304251,23,0.003558862783001054,0
2313203,23,0.003535587648930402,0
2313955,23,0.003453199236190267,0
2513943,25,0.0032718185372033258,0
2302305,23,0.003245243702127172,0
3556958,35,0.0031019331979439445,0
2309300,23,0.0029352723902137524,0
2311231,23,0.0029105655010899074,0
2305209,23,0.0028349149625533135,0
2309003,23,0.0027808748625985733,0
2313906,23,0.0027221679383270564,0
2304608,23,0.0027114617551020057,0
2311405,23,0.002319902986563161,0
2308906,23,0.0022554658873549746,0
2312908,23,0.0022541233104654682,0
2206506,22,0.002220235158377592,0
2311702,23,0.00216486002530043,0
2310902,23,0.0021044498059807908,0
2207207,22,0.0020862141183501824,0
2309904,23,0.001981213669300755,0
2309409,23,0.001973855735396726,0
2303659,23,0.0019256731114239436,0
2308203,23,0.0019077872992578162,0
2305605,23,0.0018064745421815622,0
2304707,23,0.0017946987360099036,0
2307908,23,0.0017933774136267152,0
2303006,23,0.001727260519471308,0
2306603,23,0.001722074178499635,0
2310506,23,0.0016759624370281656,0
2304657,23,0.0016071831004002908,0
2301257,23,0.0015037821893788056,0
2301604,23,0.0014641252587518883,0
2303105,23,0.0013266881727468413,0
2313005,23,0.0011632882130523184,0
2305654,23,0.0010738510785081024,0
2304236,23,0.0009608276158431128,0
2312809,23,0.0009383493880301101,0
2300507,23,0.0008619789016506407,0
2309201,23,0.0006617822178710364,0
2304350,23,0.00047682736577896623,0
2310951,23,0.0003673717861464583,0
2304004,23,0.00033030324816611054,0
